-- Data Export Script for CoffeeDB
-- Generated at 2026-05-13 08:48:53
USE [CoffeeDB];
GO

-- Table: dbo.Attendances
SET IDENTITY_INSERT [dbo].[Attendances] ON;
INSERT INTO [dbo].[Attendances] ([Id], [EmployeeId], [ClockInTime], [ClockOutTime], [HourlyRate]) VALUES (2, 1489, N'26/03/2026 9:53:13 SA', NULL, 30000.00);
INSERT INTO [dbo].[Attendances] ([Id], [EmployeeId], [ClockInTime], [ClockOutTime], [HourlyRate]) VALUES (3, 1492, N'26/03/2026 11:02:07 SA', N'26/03/2026 11:02:40 SA', 30000.00);
INSERT INTO [dbo].[Attendances] ([Id], [EmployeeId], [ClockInTime], [ClockOutTime], [HourlyRate]) VALUES (4, 1492, N'26/03/2026 11:03:27 SA', N'26/03/2026 11:03:41 SA', 30000.00);
INSERT INTO [dbo].[Attendances] ([Id], [EmployeeId], [ClockInTime], [ClockOutTime], [HourlyRate]) VALUES (5, 1492, N'26/03/2026 11:23:42 SA', N'26/03/2026 11:24:42 SA', 30000.00);
INSERT INTO [dbo].[Attendances] ([Id], [EmployeeId], [ClockInTime], [ClockOutTime], [HourlyRate]) VALUES (6, 1492, N'04/04/2026 7:31:40 SA', N'04/04/2026 7:32:20 SA', 30000.00);
SET IDENTITY_INSERT [dbo].[Attendances] OFF;

-- Table: dbo.Categories
SET IDENTITY_INSERT [dbo].[Categories] ON;
INSERT INTO [dbo].[Categories] ([Id], [Name], [Description], [IsActive], [CreatedAt], [UpdatedAt]) VALUES (1212, N'Cà phê', N'Espresso, Americano, Cappuccino, Latte và các loại cà phê đặc sắc', 1, N'26/03/2026 2:16:49 SA', NULL);
INSERT INTO [dbo].[Categories] ([Id], [Name], [Description], [IsActive], [CreatedAt], [UpdatedAt]) VALUES (1213, N'Trà', N'Trà xanh, trà đen, trà ô long và trà trái cây thơm mát', 1, N'26/03/2026 2:16:49 SA', NULL);
INSERT INTO [dbo].[Categories] ([Id], [Name], [Description], [IsActive], [CreatedAt], [UpdatedAt]) VALUES (1214, N'Sinh tố & Đá xay', N'Sinh tố trái cây tươi, frappuccino và đá xay mát lạnh', 1, N'26/03/2026 2:16:49 SA', NULL);
INSERT INTO [dbo].[Categories] ([Id], [Name], [Description], [IsActive], [CreatedAt], [UpdatedAt]) VALUES (1215, N'Đồ uống đặc biệt', N'Sữa tươi, nước ép, yogurt và thức uống lên men', 1, N'26/03/2026 2:16:49 SA', NULL);
INSERT INTO [dbo].[Categories] ([Id], [Name], [Description], [IsActive], [CreatedAt], [UpdatedAt]) VALUES (1216, N'Bánh & Snack', N'Croissant, muffin, bánh ngọt và snack ăn kèm', 1, N'26/03/2026 2:16:49 SA', NULL);
SET IDENTITY_INSERT [dbo].[Categories] OFF;

-- Table: dbo.Combos
SET IDENTITY_INSERT [dbo].[Combos] ON;
INSERT INTO [dbo].[Combos] ([Id], [Name], [Description], [OriginalPrice], [ComboPrice], [ComboType], [ImageUrl], [IsActive], [CreatedAt], [UpdatedAt]) VALUES (1422, N'Combo Sáng Tốt Lành', N'1 Cà phê sữa đá + 1 Croissant Bơ – Khởi đầu ngày mới hoàn hảo', 70000.00, 55000.00, N'1 Người', N'combo-morning.jpg', 1, N'26/03/2026 2:16:49 SA', NULL);
INSERT INTO [dbo].[Combos] ([Id], [Name], [Description], [OriginalPrice], [ComboPrice], [ComboType], [ImageUrl], [IsActive], [CreatedAt], [UpdatedAt]) VALUES (1423, N'Combo Làm Việc', N'1 Cold Brew + 1 Latte + 2 Bánh Muffin Việt Quất – Năng lượng cho cả buổi làm việc', 188000.00, 149000.00, N'2 Người', N'combo-work.jpg', 1, N'26/03/2026 2:16:49 SA', NULL);
INSERT INTO [dbo].[Combos] ([Id], [Name], [Description], [OriginalPrice], [ComboPrice], [ComboType], [ImageUrl], [IsActive], [CreatedAt], [UpdatedAt]) VALUES (1424, N'Combo Bạn Bè', N'2 Trà Ô Long Sữa + 2 Đá Xay Cà Phê + 2 Croissant Bơ – Tụ tập cùng bạn bè', 280000.00, 219000.00, N'2 Người', N'combo-friends.jpg', 1, N'26/03/2026 2:16:49 SA', NULL);
INSERT INTO [dbo].[Combos] ([Id], [Name], [Description], [OriginalPrice], [ComboPrice], [ComboType], [ImageUrl], [IsActive], [CreatedAt], [UpdatedAt]) VALUES (1425, N'Combo Matcha Lover', N'1 Trà Sữa Matcha + 1 Đá Xay Matcha – Thiên đường cho người yêu matcha', 124000.00, 99000.00, N'1 Người', N'combo-matcha.jpg', 1, N'26/03/2026 2:16:49 SA', NULL);
INSERT INTO [dbo].[Combos] ([Id], [Name], [Description], [OriginalPrice], [ComboPrice], [ComboType], [ImageUrl], [IsActive], [CreatedAt], [UpdatedAt]) VALUES (1426, N'Combo Gia Đình', N'4 Cà phê sữa đá + 2 Sinh Tố Dâu + 4 Bánh Muffin Việt Quất – Cả nhà cùng vui', 412000.00, 329000.00, N'Gia Đình', N'combo-family.jpg', 1, N'26/03/2026 2:16:49 SA', NULL);
INSERT INTO [dbo].[Combos] ([Id], [Name], [Description], [OriginalPrice], [ComboPrice], [ComboType], [ImageUrl], [IsActive], [CreatedAt], [UpdatedAt]) VALUES (1427, N'Combo Trà & Bánh', N'1 Hồng Trà Đào + 1 Trà Chanh Tươi + 2 Croissant Bơ – Chiều tà thư giãn', 154000.00, 119000.00, N'2 Người', N'combo-tea.jpg', 1, N'26/03/2026 2:16:49 SA', NULL);
INSERT INTO [dbo].[Combos] ([Id], [Name], [Description], [OriginalPrice], [ComboPrice], [ComboType], [ImageUrl], [IsActive], [CreatedAt], [UpdatedAt]) VALUES (1428, N'Combo Detox Sáng', N'1 Sinh Tố Bơ + 1 Nước ép Cam Tươi – Thanh lọc cơ thể mỗi sáng', 100000.00, 79000.00, N'1 Người', N'combo-detox.jpg', 1, N'26/03/2026 2:16:49 SA', NULL);
INSERT INTO [dbo].[Combos] ([Id], [Name], [Description], [OriginalPrice], [ComboPrice], [ComboType], [ImageUrl], [IsActive], [CreatedAt], [UpdatedAt]) VALUES (1429, N'Combo Espresso Set', N'1 Espresso + 1 Americano + 2 Croissant Bơ – Thuần cà phê cho dân sành', 144000.00, 109000.00, N'2 Người', N'combo-espresso.jpg', 1, N'26/03/2026 2:16:49 SA', NULL);
INSERT INTO [dbo].[Combos] ([Id], [Name], [Description], [OriginalPrice], [ComboPrice], [ComboType], [ImageUrl], [IsActive], [CreatedAt], [UpdatedAt]) VALUES (1430, N'Combo Buổi Chiều', N'1 Cappuccino + 1 Đá Xay Cà Phê + 1 Bánh Muffin Việt Quất – Nghỉ trưa thật chất', 153000.00, 119000.00, N'1 Người', N'combo-afternoon.jpg', 1, N'26/03/2026 2:16:49 SA', NULL);
INSERT INTO [dbo].[Combos] ([Id], [Name], [Description], [OriginalPrice], [ComboPrice], [ComboType], [ImageUrl], [IsActive], [CreatedAt], [UpdatedAt]) VALUES (1431, N'Combo Nhóm 4', N'2 Latte + 2 Trà Sữa Matcha + 4 Bánh Muffin – Tụ họp nhóm bạn', 374000.00, 289000.00, N'3+ Người', N'combo-group.jpg', 1, N'26/03/2026 2:16:49 SA', NULL);
SET IDENTITY_INSERT [dbo].[Combos] OFF;

-- Table: dbo.Users
SET IDENTITY_INSERT [dbo].[Users] ON;
INSERT INTO [dbo].[Users] ([Id], [Username], [FullName], [Email], [PhoneNumber], [PasswordHash], [Role], [IsActive], [CreatedAt], [LastLoginDate], [MembershipTier], [BaseSalary], [JoinDate], [Position]) VALUES (1476, N'admin', N'Quản Trị Viên', N'admin@cafelux.vn', N'0901234567', N'$2a$11$WCqlvI.YbdhDUrp2b66g4.PjPGlycvacOuIXebzIM.Zm24VA0XkHy', N'Admin', 1, N'26/03/2026 9:16:49 SA', N'12/05/2026 11:12:24 SA', N'Normal', 0.00, N'01/01/0001 12:00:00 SA', NULL);
INSERT INTO [dbo].[Users] ([Id], [Username], [FullName], [Email], [PhoneNumber], [PasswordHash], [Role], [IsActive], [CreatedAt], [LastLoginDate], [MembershipTier], [BaseSalary], [JoinDate], [Position]) VALUES (1477, N'user1', N'Nguyễn Văn An', N'an.nguyen@gmail.com', N'0912345678', N'$2a$11$I8sww/SHl8p6tFAiOPAC3Ov/h5TuHTfchOmnqgOEa/bOrL9hR93di', N'User', 1, N'26/03/2026 9:16:50 SA', NULL, N'Normal', 0.00, N'01/01/0001 12:00:00 SA', NULL);
INSERT INTO [dbo].[Users] ([Id], [Username], [FullName], [Email], [PhoneNumber], [PasswordHash], [Role], [IsActive], [CreatedAt], [LastLoginDate], [MembershipTier], [BaseSalary], [JoinDate], [Position]) VALUES (1478, N'user2', N'Trần Thị Bình', N'binh.tran@gmail.com', N'0923456789', N'$2a$11$75pP5DkXWpMisDTaYcMMj.k9VlUhc9nTCxKRRR0.0fc.LxPo0VxfK', N'User', 1, N'26/03/2026 9:16:50 SA', NULL, N'Normal', 0.00, N'01/01/0001 12:00:00 SA', NULL);
INSERT INTO [dbo].[Users] ([Id], [Username], [FullName], [Email], [PhoneNumber], [PasswordHash], [Role], [IsActive], [CreatedAt], [LastLoginDate], [MembershipTier], [BaseSalary], [JoinDate], [Position]) VALUES (1479, N'user3', N'Lê Văn Cường', N'cuong.le@gmail.com', N'0934567890', N'$2a$11$rcrlMaosZmM.gS6UAAz3tuQeoOYC1ZEJ4rWYJPBfIQJQw63O1nKR.', N'User', 1, N'26/03/2026 9:16:50 SA', NULL, N'Normal', 0.00, N'01/01/0001 12:00:00 SA', NULL);
INSERT INTO [dbo].[Users] ([Id], [Username], [FullName], [Email], [PhoneNumber], [PasswordHash], [Role], [IsActive], [CreatedAt], [LastLoginDate], [MembershipTier], [BaseSalary], [JoinDate], [Position]) VALUES (1480, N'user4', N'Phạm Thị Dung', N'dung.pham@gmail.com', N'0945678901', N'$2a$11$WgyNSvi.PoCUVFt/qVHbH.Ga9zIywmh0..MVygq0QWc8h1TloLPY2', N'User', 1, N'26/03/2026 9:16:51 SA', NULL, N'Normal', 0.00, N'01/01/0001 12:00:00 SA', NULL);
INSERT INTO [dbo].[Users] ([Id], [Username], [FullName], [Email], [PhoneNumber], [PasswordHash], [Role], [IsActive], [CreatedAt], [LastLoginDate], [MembershipTier], [BaseSalary], [JoinDate], [Position]) VALUES (1481, N'user5', N'Hoàng Văn Em', N'em.hoang@gmail.com', N'0956789012', N'$2a$11$uh.UWemdaemwbQg54rz9cuIhnlnc/u4XikPJ89Fa6TuGNpiJVyAYG', N'User', 1, N'26/03/2026 9:16:51 SA', NULL, N'Normal', 0.00, N'01/01/0001 12:00:00 SA', NULL);
INSERT INTO [dbo].[Users] ([Id], [Username], [FullName], [Email], [PhoneNumber], [PasswordHash], [Role], [IsActive], [CreatedAt], [LastLoginDate], [MembershipTier], [BaseSalary], [JoinDate], [Position]) VALUES (1482, N'user6', N'Vũ Thị Phương', N'phuong.vu@gmail.com', N'0967890123', N'$2a$11$GBXjMozKSdOF5hCiGbpJWOVlc17Qbg/x/OJM8R/G7AdvpmEqYFpAa', N'User', 1, N'26/03/2026 9:16:51 SA', NULL, N'Normal', 0.00, N'01/01/0001 12:00:00 SA', NULL);
INSERT INTO [dbo].[Users] ([Id], [Username], [FullName], [Email], [PhoneNumber], [PasswordHash], [Role], [IsActive], [CreatedAt], [LastLoginDate], [MembershipTier], [BaseSalary], [JoinDate], [Position]) VALUES (1483, N'user7', N'Đặng Văn Giang', N'giang.dang@gmail.com', N'0978901234', N'$2a$11$FBiNjcEJtBtXv8El7czLSO8S3.Hm11jnAIZ2lfVWr/ZlMbWJ7Uoei', N'User', 1, N'26/03/2026 9:16:51 SA', NULL, N'Normal', 0.00, N'01/01/0001 12:00:00 SA', NULL);
INSERT INTO [dbo].[Users] ([Id], [Username], [FullName], [Email], [PhoneNumber], [PasswordHash], [Role], [IsActive], [CreatedAt], [LastLoginDate], [MembershipTier], [BaseSalary], [JoinDate], [Position]) VALUES (1484, N'user8', N'Bùi Thị Hạnh', N'hanh.bui@gmail.com', N'0989012345', N'$2a$11$zPJmMxKGxHRD2/XrrLX2F.CSUZqgWRho/wW6ktWJ3x483dp1sn2OO', N'User', 1, N'26/03/2026 9:16:51 SA', NULL, N'VIP', 0.00, N'01/01/0001 12:00:00 SA', NULL);
INSERT INTO [dbo].[Users] ([Id], [Username], [FullName], [Email], [PhoneNumber], [PasswordHash], [Role], [IsActive], [CreatedAt], [LastLoginDate], [MembershipTier], [BaseSalary], [JoinDate], [Position]) VALUES (1485, N'user9', N'Ngô Văn Khoa', N'khoa.ngo@gmail.com', N'0990123456', N'$2a$11$QLkD6KG379sqvth/QRTO1eAk0VkCDe5jGSgvKEtfwLTiuMDm5p6za', N'User', 1, N'26/03/2026 9:16:51 SA', NULL, N'Normal', 0.00, N'01/01/0001 12:00:00 SA', NULL);
INSERT INTO [dbo].[Users] ([Id], [Username], [FullName], [Email], [PhoneNumber], [PasswordHash], [Role], [IsActive], [CreatedAt], [LastLoginDate], [MembershipTier], [BaseSalary], [JoinDate], [Position]) VALUES (1486, N'user10', N'Đinh Thị Lan', N'lan.dinh@gmail.com', N'0911234567', N'$2a$11$.JObJzC.7eRQVm5G8Kh12.61IlxO.rTfYiSHBDcyGs3bJqDFugfwi', N'User', 1, N'26/03/2026 9:16:52 SA', NULL, N'VIP', 0.00, N'01/01/0001 12:00:00 SA', NULL);
INSERT INTO [dbo].[Users] ([Id], [Username], [FullName], [Email], [PhoneNumber], [PasswordHash], [Role], [IsActive], [CreatedAt], [LastLoginDate], [MembershipTier], [BaseSalary], [JoinDate], [Position]) VALUES (1487, N'KietNguyen', N'Nguyễn Tấn Kiệt', N'kietnttb01357@gmail.com', N'0932128659', N'$2a$11$eoPuV2QXxyPAuvv1lQhUGuA6FcY6NCtmpYnGSw0pYmk3Vvmw8byWW', N'Staff', 1, N'26/03/2026 9:46:38 SA', N'26/03/2026 10:57:11 SA', N'Normal', 7000000.00, N'26/03/2026 12:00:00 SA', N'Pha chế');
INSERT INTO [dbo].[Users] ([Id], [Username], [FullName], [Email], [PhoneNumber], [PasswordHash], [Role], [IsActive], [CreatedAt], [LastLoginDate], [MembershipTier], [BaseSalary], [JoinDate], [Position]) VALUES (1488, N'Haha', N'hehe', N'kiet@gmail.com', N'0123456789', N'$2a$11$V4A0dLqHNgDAwMa4/zAFpezSnGzkUcstycuXTnZ0B/VHJalFKpcse', N'User', 1, N'26/03/2026 9:48:46 SA', N'26/03/2026 11:20:23 SA', N'Normal', 0.00, N'26/03/2026 9:48:46 SA', NULL);
INSERT INTO [dbo].[Users] ([Id], [Username], [FullName], [Email], [PhoneNumber], [PasswordHash], [Role], [IsActive], [CreatedAt], [LastLoginDate], [MembershipTier], [BaseSalary], [JoinDate], [Position]) VALUES (1489, N'Kiet123', N'Kiệt', N'kiet123@gmail.com', N'0123456789', N'$2a$11$uX9b/CEayAJdWxTUYigSDuHojSW5q9aM0sX3rqw9yL7FDgZpdB/Fe', N'Staff', 1, N'26/03/2026 9:52:23 SA', N'26/03/2026 10:34:50 SA', N'Normal', 7000000.00, N'26/03/2026 12:00:00 SA', N'Pha chế');
INSERT INTO [dbo].[Users] ([Id], [Username], [FullName], [Email], [PhoneNumber], [PasswordHash], [Role], [IsActive], [CreatedAt], [LastLoginDate], [MembershipTier], [BaseSalary], [JoinDate], [Position]) VALUES (1490, N'Hehe', N'Haha', N'haha@gmail.com', N'0932128659', N'$2a$11$FbKBWephx.S9x4.Us5Jqq.uMljQ8hKxCvF4PGwy8D3S7CaMadOYXW', N'Staff', 1, N'26/03/2026 10:35:33 SA', N'26/03/2026 11:19:35 SA', N'Normal', 100000000.00, N'26/03/2026 12:00:00 SA', N'Pha chế');
INSERT INTO [dbo].[Users] ([Id], [Username], [FullName], [Email], [PhoneNumber], [PasswordHash], [Role], [IsActive], [CreatedAt], [LastLoginDate], [MembershipTier], [BaseSalary], [JoinDate], [Position]) VALUES (1491, N'HeheHaha', N'HoHo', N'HeHaHo@gmail.com', N'0123456789', N'$2a$11$85l83Grf0pOJu4zeuuqVk.nXcVosc5fnE6AWyM3Q/llzFtjavQd0C', N'User', 1, N'26/03/2026 10:38:31 SA', N'06/04/2026 10:13:18 CH', N'Normal', 0.00, N'26/03/2026 10:38:31 SA', NULL);
INSERT INTO [dbo].[Users] ([Id], [Username], [FullName], [Email], [PhoneNumber], [PasswordHash], [Role], [IsActive], [CreatedAt], [LastLoginDate], [MembershipTier], [BaseSalary], [JoinDate], [Position]) VALUES (1492, N'Dang', N'Đăng', N'dang@gmail.com', N'0123456789', N'$2a$11$qonOnsssP/Y6D14X3fOy/u40NYvTZJrNOHoyeEgOwhJV48Uc7.iCu', N'Staff', 1, N'26/03/2026 10:58:14 SA', N'07/04/2026 7:21:28 SA', N'Normal', 7000000.00, N'26/03/2026 12:00:00 SA', N'Pha chế');
INSERT INTO [dbo].[Users] ([Id], [Username], [FullName], [Email], [PhoneNumber], [PasswordHash], [Role], [IsActive], [CreatedAt], [LastLoginDate], [MembershipTier], [BaseSalary], [JoinDate], [Position]) VALUES (1493, N'kkk', N'kkkkkk', N'kkk@gmail.com', N'0702587465', N'$2a$11$C2vm8h9BpaatQ8anyr/WIug6.3Qw0rYVqgSUoJDo.tLA9jJDtW2Pu', N'User', 1, N'26/03/2026 11:13:11 SA', N'26/03/2026 11:13:12 SA', N'Normal', 0.00, N'26/03/2026 11:13:11 SA', NULL);
INSERT INTO [dbo].[Users] ([Id], [Username], [FullName], [Email], [PhoneNumber], [PasswordHash], [Role], [IsActive], [CreatedAt], [LastLoginDate], [MembershipTier], [BaseSalary], [JoinDate], [Position]) VALUES (1494, N'ACC1234', N'Nguyễn ABCD', N'ABCD@gmail.com', N'0123456789', N'$2a$11$FRMnD8WM7mm5w3dM3jrCsOmRzxLqk7fPKAO2I.M3e7qnObtq7zPWu', N'User', 1, N'28/03/2026 10:16:47 SA', N'28/03/2026 10:16:47 SA', N'Normal', 0.00, N'28/03/2026 10:16:47 SA', NULL);
INSERT INTO [dbo].[Users] ([Id], [Username], [FullName], [Email], [PhoneNumber], [PasswordHash], [Role], [IsActive], [CreatedAt], [LastLoginDate], [MembershipTier], [BaseSalary], [JoinDate], [Position]) VALUES (1495, N'tin123', N'Tín', N'tin@gmail.com', N'0123456789', N'$2a$11$7S4XdsZ09hRd5jAUdcDLiOlPeN42Pa8KO6LUj2U7q3dZwz2zqLnjW', N'Staff', 1, N'28/03/2026 10:22:04 SA', N'04/04/2026 8:51:20 SA', N'Normal', 0.00, N'28/03/2026 12:00:00 SA', N'Pha chế');
INSERT INTO [dbo].[Users] ([Id], [Username], [FullName], [Email], [PhoneNumber], [PasswordHash], [Role], [IsActive], [CreatedAt], [LastLoginDate], [MembershipTier], [BaseSalary], [JoinDate], [Position]) VALUES (1496, N'q123', N'123', N'123@gmail.com', N'1234567889', N'$2a$11$LijchxZGOYZQHV.CkqxMKerkPKgWEsr.MAJZ5TVEFG.pXEY7JC5lC', N'User', 1, N'03/04/2026 10:19:09 CH', N'03/04/2026 10:19:10 CH', N'Normal', 0.00, N'03/04/2026 10:19:09 CH', NULL);
SET IDENTITY_INSERT [dbo].[Users] OFF;

-- Table: dbo.Vouchers
SET IDENTITY_INSERT [dbo].[Vouchers] ON;
INSERT INTO [dbo].[Vouchers] ([Id], [Code], [Description], [DiscountAmount], [DiscountPercent], [CreatedAt], [ExpiredAt], [Quantity], [IsActive]) VALUES (1564, N'WELCOME10', NULL, 0.00, 10, N'26/03/2026 2:16:52 SA', N'26/09/2026 9:16:52 SA', 1000, 1);
INSERT INTO [dbo].[Vouchers] ([Id], [Code], [Description], [DiscountAmount], [DiscountPercent], [CreatedAt], [ExpiredAt], [Quantity], [IsActive]) VALUES (1565, N'COFFEE20', NULL, 0.00, 20, N'26/03/2026 2:16:52 SA', N'26/06/2026 9:16:52 SA', 500, 1);
INSERT INTO [dbo].[Vouchers] ([Id], [Code], [Description], [DiscountAmount], [DiscountPercent], [CreatedAt], [ExpiredAt], [Quantity], [IsActive]) VALUES (1566, N'GIAM30K', NULL, 30000.00, 0, N'26/03/2026 2:16:52 SA', N'26/05/2026 9:16:52 SA', 200, 1);
INSERT INTO [dbo].[Vouchers] ([Id], [Code], [Description], [DiscountAmount], [DiscountPercent], [CreatedAt], [ExpiredAt], [Quantity], [IsActive]) VALUES (1567, N'GIAM50K', NULL, 50000.00, 0, N'26/03/2026 2:16:52 SA', N'26/05/2026 9:16:52 SA', 100, 1);
INSERT INTO [dbo].[Vouchers] ([Id], [Code], [Description], [DiscountAmount], [DiscountPercent], [CreatedAt], [ExpiredAt], [Quantity], [IsActive]) VALUES (1568, N'FREESHIP', NULL, 20000.00, 0, N'26/03/2026 2:16:52 SA', N'26/06/2026 9:16:52 SA', 500, 1);
INSERT INTO [dbo].[Vouchers] ([Id], [Code], [Description], [DiscountAmount], [DiscountPercent], [CreatedAt], [ExpiredAt], [Quantity], [IsActive]) VALUES (1569, N'VIP15', NULL, 0.00, 15, N'26/03/2026 2:16:52 SA', N'26/04/2026 9:16:52 SA', 50, 1);
INSERT INTO [dbo].[Vouchers] ([Id], [Code], [Description], [DiscountAmount], [DiscountPercent], [CreatedAt], [ExpiredAt], [Quantity], [IsActive]) VALUES (1570, N'COMBO25', NULL, 0.00, 25, N'26/03/2026 2:16:52 SA', N'26/05/2026 9:16:52 SA', 100, 1);
INSERT INTO [dbo].[Vouchers] ([Id], [Code], [Description], [DiscountAmount], [DiscountPercent], [CreatedAt], [ExpiredAt], [Quantity], [IsActive]) VALUES (1571, N'NEWUSER', NULL, 40000.00, 0, N'26/03/2026 2:16:52 SA', N'26/09/2026 9:16:52 SA', 300, 1);
INSERT INTO [dbo].[Vouchers] ([Id], [Code], [Description], [DiscountAmount], [DiscountPercent], [CreatedAt], [ExpiredAt], [Quantity], [IsActive]) VALUES (1572, N'WEEKEND', NULL, 25000.00, 0, N'26/03/2026 2:16:52 SA', N'26/04/2026 9:16:52 SA', 200, 1);
INSERT INTO [dbo].[Vouchers] ([Id], [Code], [Description], [DiscountAmount], [DiscountPercent], [CreatedAt], [ExpiredAt], [Quantity], [IsActive]) VALUES (1573, N'TESTVOUCHER', NULL, 10000.00, 0, N'26/03/2026 2:16:52 SA', N'26/03/2027 9:16:52 SA', 9999, 1);
INSERT INTO [dbo].[Vouchers] ([Id], [Code], [Description], [DiscountAmount], [DiscountPercent], [CreatedAt], [ExpiredAt], [Quantity], [IsActive]) VALUES (1574, N'DAILY_DISCOUNT_1476_20260326_BC90', NULL, 0.00, 5, N'26/03/2026 2:17:03 SA', N'26/04/2026 9:17:03 SA', 1, 1);
INSERT INTO [dbo].[Vouchers] ([Id], [Code], [Description], [DiscountAmount], [DiscountPercent], [CreatedAt], [ExpiredAt], [Quantity], [IsActive]) VALUES (1575, N'DAILY_FREESHIP_1476_20260326_BDF4', NULL, 10000.00, NULL, N'26/03/2026 2:17:03 SA', N'26/04/2026 9:17:03 SA', 1, 1);
INSERT INTO [dbo].[Vouchers] ([Id], [Code], [Description], [DiscountAmount], [DiscountPercent], [CreatedAt], [ExpiredAt], [Quantity], [IsActive]) VALUES (1576, N'DAILY_DISCOUNT_1487_20260326_1B5D', NULL, 0.00, 5, N'26/03/2026 2:47:01 SA', N'26/04/2026 9:47:01 SA', 1, 1);
INSERT INTO [dbo].[Vouchers] ([Id], [Code], [Description], [DiscountAmount], [DiscountPercent], [CreatedAt], [ExpiredAt], [Quantity], [IsActive]) VALUES (1577, N'DAILY_FREESHIP_1487_20260326_8121', NULL, 10000.00, NULL, N'26/03/2026 2:47:01 SA', N'26/04/2026 9:47:01 SA', 1, 1);
INSERT INTO [dbo].[Vouchers] ([Id], [Code], [Description], [DiscountAmount], [DiscountPercent], [CreatedAt], [ExpiredAt], [Quantity], [IsActive]) VALUES (1578, N'WELCOME_DISCOUNT_1488_1_1941C6', NULL, 0.00, 10, N'26/03/2026 2:48:46 SA', N'26/06/2026 9:48:46 SA', 1, 1);
INSERT INTO [dbo].[Vouchers] ([Id], [Code], [Description], [DiscountAmount], [DiscountPercent], [CreatedAt], [ExpiredAt], [Quantity], [IsActive]) VALUES (1579, N'WELCOME_DISCOUNT_1488_2_58EBE3', NULL, 0.00, 15, N'26/03/2026 2:48:46 SA', N'26/06/2026 9:48:46 SA', 1, 1);
INSERT INTO [dbo].[Vouchers] ([Id], [Code], [Description], [DiscountAmount], [DiscountPercent], [CreatedAt], [ExpiredAt], [Quantity], [IsActive]) VALUES (1580, N'WELCOME_DISCOUNT_1488_3_A77D9F', NULL, 0.00, 20, N'26/03/2026 2:48:46 SA', N'26/06/2026 9:48:46 SA', 1, 1);
INSERT INTO [dbo].[Vouchers] ([Id], [Code], [Description], [DiscountAmount], [DiscountPercent], [CreatedAt], [ExpiredAt], [Quantity], [IsActive]) VALUES (1581, N'WELCOME_DISCOUNT_1488_4_092613', NULL, 0.00, 25, N'26/03/2026 2:48:46 SA', N'26/06/2026 9:48:46 SA', 1, 1);
INSERT INTO [dbo].[Vouchers] ([Id], [Code], [Description], [DiscountAmount], [DiscountPercent], [CreatedAt], [ExpiredAt], [Quantity], [IsActive]) VALUES (1582, N'WELCOME_DISCOUNT_1488_5_8EC3DD', NULL, 0.00, 30, N'26/03/2026 2:48:46 SA', N'26/06/2026 9:48:46 SA', 1, 1);
INSERT INTO [dbo].[Vouchers] ([Id], [Code], [Description], [DiscountAmount], [DiscountPercent], [CreatedAt], [ExpiredAt], [Quantity], [IsActive]) VALUES (1583, N'WELCOME_FREESHIP_1488_1_D9CA33', NULL, 15000.00, NULL, N'26/03/2026 2:48:46 SA', N'26/06/2026 9:48:46 SA', 1, 1);
INSERT INTO [dbo].[Vouchers] ([Id], [Code], [Description], [DiscountAmount], [DiscountPercent], [CreatedAt], [ExpiredAt], [Quantity], [IsActive]) VALUES (1584, N'WELCOME_FREESHIP_1488_2_A42DAC', NULL, 20000.00, NULL, N'26/03/2026 2:48:46 SA', N'26/06/2026 9:48:46 SA', 1, 1);
INSERT INTO [dbo].[Vouchers] ([Id], [Code], [Description], [DiscountAmount], [DiscountPercent], [CreatedAt], [ExpiredAt], [Quantity], [IsActive]) VALUES (1585, N'WELCOME_FREESHIP_1488_3_0CA5F7', NULL, 30000.00, NULL, N'26/03/2026 2:48:46 SA', N'26/06/2026 9:48:46 SA', 1, 1);
INSERT INTO [dbo].[Vouchers] ([Id], [Code], [Description], [DiscountAmount], [DiscountPercent], [CreatedAt], [ExpiredAt], [Quantity], [IsActive]) VALUES (1586, N'DAILY_DISCOUNT_1489_20260326_DB19', NULL, 0.00, 5, N'26/03/2026 2:52:38 SA', N'26/04/2026 9:52:38 SA', 1, 1);
INSERT INTO [dbo].[Vouchers] ([Id], [Code], [Description], [DiscountAmount], [DiscountPercent], [CreatedAt], [ExpiredAt], [Quantity], [IsActive]) VALUES (1587, N'DAILY_FREESHIP_1489_20260326_9CAF', NULL, 10000.00, NULL, N'26/03/2026 2:52:38 SA', N'26/04/2026 9:52:38 SA', 1, 1);
INSERT INTO [dbo].[Vouchers] ([Id], [Code], [Description], [DiscountAmount], [DiscountPercent], [CreatedAt], [ExpiredAt], [Quantity], [IsActive]) VALUES (1588, N'DAILY_DISCOUNT_1490_20260326_AD6D', NULL, 0.00, 5, N'26/03/2026 3:35:44 SA', N'26/04/2026 10:35:44 SA', 1, 1);
INSERT INTO [dbo].[Vouchers] ([Id], [Code], [Description], [DiscountAmount], [DiscountPercent], [CreatedAt], [ExpiredAt], [Quantity], [IsActive]) VALUES (1589, N'DAILY_FREESHIP_1490_20260326_C7F3', NULL, 10000.00, NULL, N'26/03/2026 3:35:45 SA', N'26/04/2026 10:35:44 SA', 1, 1);
INSERT INTO [dbo].[Vouchers] ([Id], [Code], [Description], [DiscountAmount], [DiscountPercent], [CreatedAt], [ExpiredAt], [Quantity], [IsActive]) VALUES (1590, N'WELCOME_DISCOUNT_1491_1_E1F277', NULL, 0.00, 10, N'26/03/2026 3:38:31 SA', N'26/06/2026 10:38:31 SA', 1, 1);
INSERT INTO [dbo].[Vouchers] ([Id], [Code], [Description], [DiscountAmount], [DiscountPercent], [CreatedAt], [ExpiredAt], [Quantity], [IsActive]) VALUES (1591, N'WELCOME_DISCOUNT_1491_2_5E2395', NULL, 0.00, 15, N'26/03/2026 3:38:31 SA', N'26/06/2026 10:38:31 SA', 1, 1);
INSERT INTO [dbo].[Vouchers] ([Id], [Code], [Description], [DiscountAmount], [DiscountPercent], [CreatedAt], [ExpiredAt], [Quantity], [IsActive]) VALUES (1592, N'WELCOME_DISCOUNT_1491_3_1096C4', NULL, 0.00, 20, N'26/03/2026 3:38:31 SA', N'26/06/2026 10:38:31 SA', 1, 1);
INSERT INTO [dbo].[Vouchers] ([Id], [Code], [Description], [DiscountAmount], [DiscountPercent], [CreatedAt], [ExpiredAt], [Quantity], [IsActive]) VALUES (1593, N'WELCOME_DISCOUNT_1491_4_20052C', NULL, 0.00, 25, N'26/03/2026 3:38:31 SA', N'26/06/2026 10:38:31 SA', 1, 1);
INSERT INTO [dbo].[Vouchers] ([Id], [Code], [Description], [DiscountAmount], [DiscountPercent], [CreatedAt], [ExpiredAt], [Quantity], [IsActive]) VALUES (1594, N'WELCOME_DISCOUNT_1491_5_5C00CD', NULL, 0.00, 30, N'26/03/2026 3:38:31 SA', N'26/06/2026 10:38:31 SA', 1, 1);
INSERT INTO [dbo].[Vouchers] ([Id], [Code], [Description], [DiscountAmount], [DiscountPercent], [CreatedAt], [ExpiredAt], [Quantity], [IsActive]) VALUES (1595, N'WELCOME_FREESHIP_1491_1_70D5D1', NULL, 15000.00, NULL, N'26/03/2026 3:38:31 SA', N'26/06/2026 10:38:31 SA', 1, 1);
INSERT INTO [dbo].[Vouchers] ([Id], [Code], [Description], [DiscountAmount], [DiscountPercent], [CreatedAt], [ExpiredAt], [Quantity], [IsActive]) VALUES (1596, N'WELCOME_FREESHIP_1491_2_162EAF', NULL, 20000.00, NULL, N'26/03/2026 3:38:31 SA', N'26/06/2026 10:38:31 SA', 1, 1);
INSERT INTO [dbo].[Vouchers] ([Id], [Code], [Description], [DiscountAmount], [DiscountPercent], [CreatedAt], [ExpiredAt], [Quantity], [IsActive]) VALUES (1597, N'WELCOME_FREESHIP_1491_3_4896F0', NULL, 30000.00, NULL, N'26/03/2026 3:38:31 SA', N'26/06/2026 10:38:31 SA', 1, 1);
INSERT INTO [dbo].[Vouchers] ([Id], [Code], [Description], [DiscountAmount], [DiscountPercent], [CreatedAt], [ExpiredAt], [Quantity], [IsActive]) VALUES (1598, N'DAILY_DISCOUNT_1492_20260326_408A', NULL, 0.00, 5, N'26/03/2026 3:58:27 SA', N'26/04/2026 10:58:27 SA', 1, 1);
INSERT INTO [dbo].[Vouchers] ([Id], [Code], [Description], [DiscountAmount], [DiscountPercent], [CreatedAt], [ExpiredAt], [Quantity], [IsActive]) VALUES (1599, N'DAILY_FREESHIP_1492_20260326_94B1', NULL, 10000.00, NULL, N'26/03/2026 3:58:27 SA', N'26/04/2026 10:58:27 SA', 1, 1);
INSERT INTO [dbo].[Vouchers] ([Id], [Code], [Description], [DiscountAmount], [DiscountPercent], [CreatedAt], [ExpiredAt], [Quantity], [IsActive]) VALUES (1600, N'WELCOME_DISCOUNT_1493_1_00AB9F', NULL, 0.00, 10, N'26/03/2026 4:13:12 SA', N'26/06/2026 11:13:12 SA', 1, 1);
INSERT INTO [dbo].[Vouchers] ([Id], [Code], [Description], [DiscountAmount], [DiscountPercent], [CreatedAt], [ExpiredAt], [Quantity], [IsActive]) VALUES (1601, N'WELCOME_DISCOUNT_1493_2_83CF20', NULL, 0.00, 15, N'26/03/2026 4:13:12 SA', N'26/06/2026 11:13:12 SA', 1, 1);
INSERT INTO [dbo].[Vouchers] ([Id], [Code], [Description], [DiscountAmount], [DiscountPercent], [CreatedAt], [ExpiredAt], [Quantity], [IsActive]) VALUES (1602, N'WELCOME_DISCOUNT_1493_3_48CA18', NULL, 0.00, 20, N'26/03/2026 4:13:12 SA', N'26/06/2026 11:13:12 SA', 1, 1);
INSERT INTO [dbo].[Vouchers] ([Id], [Code], [Description], [DiscountAmount], [DiscountPercent], [CreatedAt], [ExpiredAt], [Quantity], [IsActive]) VALUES (1603, N'WELCOME_DISCOUNT_1493_4_A30E8C', NULL, 0.00, 25, N'26/03/2026 4:13:12 SA', N'26/06/2026 11:13:12 SA', 1, 1);
INSERT INTO [dbo].[Vouchers] ([Id], [Code], [Description], [DiscountAmount], [DiscountPercent], [CreatedAt], [ExpiredAt], [Quantity], [IsActive]) VALUES (1604, N'WELCOME_DISCOUNT_1493_5_37CFA4', NULL, 0.00, 30, N'26/03/2026 4:13:12 SA', N'26/06/2026 11:13:12 SA', 1, 1);
INSERT INTO [dbo].[Vouchers] ([Id], [Code], [Description], [DiscountAmount], [DiscountPercent], [CreatedAt], [ExpiredAt], [Quantity], [IsActive]) VALUES (1605, N'WELCOME_FREESHIP_1493_1_55F64D', NULL, 15000.00, NULL, N'26/03/2026 4:13:12 SA', N'26/06/2026 11:13:12 SA', 1, 1);
INSERT INTO [dbo].[Vouchers] ([Id], [Code], [Description], [DiscountAmount], [DiscountPercent], [CreatedAt], [ExpiredAt], [Quantity], [IsActive]) VALUES (1606, N'WELCOME_FREESHIP_1493_2_C380CA', NULL, 20000.00, NULL, N'26/03/2026 4:13:12 SA', N'26/06/2026 11:13:12 SA', 1, 1);
INSERT INTO [dbo].[Vouchers] ([Id], [Code], [Description], [DiscountAmount], [DiscountPercent], [CreatedAt], [ExpiredAt], [Quantity], [IsActive]) VALUES (1607, N'WELCOME_FREESHIP_1493_3_2D4CB1', NULL, 30000.00, NULL, N'26/03/2026 4:13:12 SA', N'26/06/2026 11:13:12 SA', 1, 1);
INSERT INTO [dbo].[Vouchers] ([Id], [Code], [Description], [DiscountAmount], [DiscountPercent], [CreatedAt], [ExpiredAt], [Quantity], [IsActive]) VALUES (1608, N'DAILY_DISCOUNT_1476_20260328_6E7E', NULL, 0.00, 5, N'28/03/2026 3:15:15 SA', N'28/04/2026 10:15:15 SA', 1, 1);
INSERT INTO [dbo].[Vouchers] ([Id], [Code], [Description], [DiscountAmount], [DiscountPercent], [CreatedAt], [ExpiredAt], [Quantity], [IsActive]) VALUES (1609, N'DAILY_FREESHIP_1476_20260328_C7D0', NULL, 10000.00, NULL, N'28/03/2026 3:15:15 SA', N'28/04/2026 10:15:15 SA', 1, 1);
INSERT INTO [dbo].[Vouchers] ([Id], [Code], [Description], [DiscountAmount], [DiscountPercent], [CreatedAt], [ExpiredAt], [Quantity], [IsActive]) VALUES (1610, N'WELCOME_DISCOUNT_1494_1_CF092B', NULL, 0.00, 10, N'28/03/2026 3:16:47 SA', N'28/06/2026 10:16:47 SA', 1, 1);
INSERT INTO [dbo].[Vouchers] ([Id], [Code], [Description], [DiscountAmount], [DiscountPercent], [CreatedAt], [ExpiredAt], [Quantity], [IsActive]) VALUES (1611, N'WELCOME_DISCOUNT_1494_2_486418', NULL, 0.00, 15, N'28/03/2026 3:16:47 SA', N'28/06/2026 10:16:47 SA', 1, 1);
INSERT INTO [dbo].[Vouchers] ([Id], [Code], [Description], [DiscountAmount], [DiscountPercent], [CreatedAt], [ExpiredAt], [Quantity], [IsActive]) VALUES (1612, N'WELCOME_DISCOUNT_1494_3_05BF31', NULL, 0.00, 20, N'28/03/2026 3:16:47 SA', N'28/06/2026 10:16:47 SA', 1, 1);
INSERT INTO [dbo].[Vouchers] ([Id], [Code], [Description], [DiscountAmount], [DiscountPercent], [CreatedAt], [ExpiredAt], [Quantity], [IsActive]) VALUES (1613, N'WELCOME_DISCOUNT_1494_4_FF8452', NULL, 0.00, 25, N'28/03/2026 3:16:47 SA', N'28/06/2026 10:16:47 SA', 1, 1);
INSERT INTO [dbo].[Vouchers] ([Id], [Code], [Description], [DiscountAmount], [DiscountPercent], [CreatedAt], [ExpiredAt], [Quantity], [IsActive]) VALUES (1614, N'WELCOME_DISCOUNT_1494_5_07ADDC', NULL, 0.00, 30, N'28/03/2026 3:16:47 SA', N'28/06/2026 10:16:47 SA', 1, 1);
INSERT INTO [dbo].[Vouchers] ([Id], [Code], [Description], [DiscountAmount], [DiscountPercent], [CreatedAt], [ExpiredAt], [Quantity], [IsActive]) VALUES (1615, N'WELCOME_FREESHIP_1494_1_5E1252', NULL, 15000.00, NULL, N'28/03/2026 3:16:47 SA', N'28/06/2026 10:16:47 SA', 1, 1);
INSERT INTO [dbo].[Vouchers] ([Id], [Code], [Description], [DiscountAmount], [DiscountPercent], [CreatedAt], [ExpiredAt], [Quantity], [IsActive]) VALUES (1616, N'WELCOME_FREESHIP_1494_2_300562', NULL, 20000.00, NULL, N'28/03/2026 3:16:47 SA', N'28/06/2026 10:16:47 SA', 1, 1);
INSERT INTO [dbo].[Vouchers] ([Id], [Code], [Description], [DiscountAmount], [DiscountPercent], [CreatedAt], [ExpiredAt], [Quantity], [IsActive]) VALUES (1617, N'WELCOME_FREESHIP_1494_3_F5F277', NULL, 30000.00, NULL, N'28/03/2026 3:16:47 SA', N'28/06/2026 10:16:47 SA', 1, 1);
INSERT INTO [dbo].[Vouchers] ([Id], [Code], [Description], [DiscountAmount], [DiscountPercent], [CreatedAt], [ExpiredAt], [Quantity], [IsActive]) VALUES (1618, N'DAILY_DISCOUNT_1476_20260402_15C0', NULL, 0.00, 5, N'02/04/2026 2:40:03 SA', N'02/05/2026 9:40:03 SA', 1, 1);
INSERT INTO [dbo].[Vouchers] ([Id], [Code], [Description], [DiscountAmount], [DiscountPercent], [CreatedAt], [ExpiredAt], [Quantity], [IsActive]) VALUES (1619, N'DAILY_FREESHIP_1476_20260402_9812', NULL, 10000.00, NULL, N'02/04/2026 2:40:03 SA', N'02/05/2026 9:40:03 SA', 1, 1);
INSERT INTO [dbo].[Vouchers] ([Id], [Code], [Description], [DiscountAmount], [DiscountPercent], [CreatedAt], [ExpiredAt], [Quantity], [IsActive]) VALUES (1620, N'WELCOME_DISCOUNT_1496_1_FA95B3', NULL, 0.00, 10, N'03/04/2026 3:19:09 CH', N'03/07/2026 10:19:09 CH', 1, 1);
INSERT INTO [dbo].[Vouchers] ([Id], [Code], [Description], [DiscountAmount], [DiscountPercent], [CreatedAt], [ExpiredAt], [Quantity], [IsActive]) VALUES (1621, N'WELCOME_DISCOUNT_1496_2_2547BC', NULL, 0.00, 15, N'03/04/2026 3:19:09 CH', N'03/07/2026 10:19:09 CH', 1, 1);
INSERT INTO [dbo].[Vouchers] ([Id], [Code], [Description], [DiscountAmount], [DiscountPercent], [CreatedAt], [ExpiredAt], [Quantity], [IsActive]) VALUES (1622, N'WELCOME_DISCOUNT_1496_3_ECD4DA', NULL, 0.00, 20, N'03/04/2026 3:19:09 CH', N'03/07/2026 10:19:09 CH', 1, 1);
INSERT INTO [dbo].[Vouchers] ([Id], [Code], [Description], [DiscountAmount], [DiscountPercent], [CreatedAt], [ExpiredAt], [Quantity], [IsActive]) VALUES (1623, N'WELCOME_DISCOUNT_1496_4_80C3D9', NULL, 0.00, 25, N'03/04/2026 3:19:09 CH', N'03/07/2026 10:19:09 CH', 1, 1);
INSERT INTO [dbo].[Vouchers] ([Id], [Code], [Description], [DiscountAmount], [DiscountPercent], [CreatedAt], [ExpiredAt], [Quantity], [IsActive]) VALUES (1624, N'WELCOME_DISCOUNT_1496_5_D724CA', NULL, 0.00, 30, N'03/04/2026 3:19:09 CH', N'03/07/2026 10:19:09 CH', 1, 1);
INSERT INTO [dbo].[Vouchers] ([Id], [Code], [Description], [DiscountAmount], [DiscountPercent], [CreatedAt], [ExpiredAt], [Quantity], [IsActive]) VALUES (1625, N'WELCOME_FREESHIP_1496_1_3E22F4', NULL, 15000.00, NULL, N'03/04/2026 3:19:09 CH', N'03/07/2026 10:19:09 CH', 1, 1);
INSERT INTO [dbo].[Vouchers] ([Id], [Code], [Description], [DiscountAmount], [DiscountPercent], [CreatedAt], [ExpiredAt], [Quantity], [IsActive]) VALUES (1626, N'WELCOME_FREESHIP_1496_2_6D488E', NULL, 20000.00, NULL, N'03/04/2026 3:19:09 CH', N'03/07/2026 10:19:09 CH', 1, 1);
INSERT INTO [dbo].[Vouchers] ([Id], [Code], [Description], [DiscountAmount], [DiscountPercent], [CreatedAt], [ExpiredAt], [Quantity], [IsActive]) VALUES (1627, N'WELCOME_FREESHIP_1496_3_32568C', NULL, 30000.00, NULL, N'03/04/2026 3:19:09 CH', N'03/07/2026 10:19:09 CH', 1, 1);
INSERT INTO [dbo].[Vouchers] ([Id], [Code], [Description], [DiscountAmount], [DiscountPercent], [CreatedAt], [ExpiredAt], [Quantity], [IsActive]) VALUES (1628, N'DAILY_DISCOUNT_1476_20260403_1602', NULL, 0.00, 5, N'03/04/2026 3:20:51 CH', N'03/05/2026 10:20:51 CH', 1, 1);
INSERT INTO [dbo].[Vouchers] ([Id], [Code], [Description], [DiscountAmount], [DiscountPercent], [CreatedAt], [ExpiredAt], [Quantity], [IsActive]) VALUES (1629, N'DAILY_FREESHIP_1476_20260403_0D2E', NULL, 10000.00, NULL, N'03/04/2026 3:20:51 CH', N'03/05/2026 10:20:51 CH', 1, 1);
INSERT INTO [dbo].[Vouchers] ([Id], [Code], [Description], [DiscountAmount], [DiscountPercent], [CreatedAt], [ExpiredAt], [Quantity], [IsActive]) VALUES (1630, N'DAILY_DISCOUNT_1492_20260403_197A', NULL, 0.00, 5, N'03/04/2026 3:49:05 CH', N'03/05/2026 10:49:05 CH', 1, 1);
INSERT INTO [dbo].[Vouchers] ([Id], [Code], [Description], [DiscountAmount], [DiscountPercent], [CreatedAt], [ExpiredAt], [Quantity], [IsActive]) VALUES (1631, N'DAILY_FREESHIP_1492_20260403_EECA', NULL, 10000.00, NULL, N'03/04/2026 3:49:06 CH', N'03/05/2026 10:49:05 CH', 1, 1);
INSERT INTO [dbo].[Vouchers] ([Id], [Code], [Description], [DiscountAmount], [DiscountPercent], [CreatedAt], [ExpiredAt], [Quantity], [IsActive]) VALUES (1632, N'DAILY_DISCOUNT_1491_20260403_4768', NULL, 0.00, 5, N'03/04/2026 3:50:15 CH', N'03/05/2026 10:50:15 CH', 1, 1);
INSERT INTO [dbo].[Vouchers] ([Id], [Code], [Description], [DiscountAmount], [DiscountPercent], [CreatedAt], [ExpiredAt], [Quantity], [IsActive]) VALUES (1633, N'DAILY_FREESHIP_1491_20260403_6788', NULL, 10000.00, NULL, N'03/04/2026 3:50:15 CH', N'03/05/2026 10:50:15 CH', 1, 1);
INSERT INTO [dbo].[Vouchers] ([Id], [Code], [Description], [DiscountAmount], [DiscountPercent], [CreatedAt], [ExpiredAt], [Quantity], [IsActive]) VALUES (1634, N'DAILY_DISCOUNT_1492_20260404_91FF', NULL, 0.00, 5, N'04/04/2026 12:28:29 SA', N'04/05/2026 7:28:29 SA', 1, 1);
INSERT INTO [dbo].[Vouchers] ([Id], [Code], [Description], [DiscountAmount], [DiscountPercent], [CreatedAt], [ExpiredAt], [Quantity], [IsActive]) VALUES (1635, N'DAILY_FREESHIP_1492_20260404_303A', NULL, 10000.00, NULL, N'04/04/2026 12:28:29 SA', N'04/05/2026 7:28:29 SA', 1, 1);
INSERT INTO [dbo].[Vouchers] ([Id], [Code], [Description], [DiscountAmount], [DiscountPercent], [CreatedAt], [ExpiredAt], [Quantity], [IsActive]) VALUES (1636, N'DAILY_DISCOUNT_1491_20260404_EE6A', NULL, 0.00, 5, N'04/04/2026 12:28:54 SA', N'04/05/2026 7:28:54 SA', 1, 1);
INSERT INTO [dbo].[Vouchers] ([Id], [Code], [Description], [DiscountAmount], [DiscountPercent], [CreatedAt], [ExpiredAt], [Quantity], [IsActive]) VALUES (1637, N'DAILY_FREESHIP_1491_20260404_5635', NULL, 10000.00, NULL, N'04/04/2026 12:28:54 SA', N'04/05/2026 7:28:54 SA', 1, 1);
INSERT INTO [dbo].[Vouchers] ([Id], [Code], [Description], [DiscountAmount], [DiscountPercent], [CreatedAt], [ExpiredAt], [Quantity], [IsActive]) VALUES (1638, N'DAILY_DISCOUNT_1476_20260404_4756', NULL, 0.00, 5, N'04/04/2026 12:29:39 SA', N'04/05/2026 7:29:39 SA', 1, 1);
INSERT INTO [dbo].[Vouchers] ([Id], [Code], [Description], [DiscountAmount], [DiscountPercent], [CreatedAt], [ExpiredAt], [Quantity], [IsActive]) VALUES (1639, N'DAILY_FREESHIP_1476_20260404_3944', NULL, 10000.00, NULL, N'04/04/2026 12:29:39 SA', N'04/05/2026 7:29:39 SA', 1, 1);
INSERT INTO [dbo].[Vouchers] ([Id], [Code], [Description], [DiscountAmount], [DiscountPercent], [CreatedAt], [ExpiredAt], [Quantity], [IsActive]) VALUES (1640, N'DAILY_DISCOUNT_1495_20260404_DD5C', NULL, 0.00, 5, N'04/04/2026 1:51:20 SA', N'04/05/2026 8:51:20 SA', 1, 1);
INSERT INTO [dbo].[Vouchers] ([Id], [Code], [Description], [DiscountAmount], [DiscountPercent], [CreatedAt], [ExpiredAt], [Quantity], [IsActive]) VALUES (1641, N'DAILY_FREESHIP_1495_20260404_B139', NULL, 10000.00, NULL, N'04/04/2026 1:51:20 SA', N'04/05/2026 8:51:20 SA', 1, 1);
INSERT INTO [dbo].[Vouchers] ([Id], [Code], [Description], [DiscountAmount], [DiscountPercent], [CreatedAt], [ExpiredAt], [Quantity], [IsActive]) VALUES (1642, N'DAILY_DISCOUNT_1476_20260406_93EE', NULL, 0.00, 5, N'06/04/2026 3:38:23 SA', N'06/05/2026 10:38:23 SA', 1, 1);
INSERT INTO [dbo].[Vouchers] ([Id], [Code], [Description], [DiscountAmount], [DiscountPercent], [CreatedAt], [ExpiredAt], [Quantity], [IsActive]) VALUES (1643, N'DAILY_FREESHIP_1476_20260406_D318', NULL, 10000.00, NULL, N'06/04/2026 3:38:23 SA', N'06/05/2026 10:38:23 SA', 1, 1);
INSERT INTO [dbo].[Vouchers] ([Id], [Code], [Description], [DiscountAmount], [DiscountPercent], [CreatedAt], [ExpiredAt], [Quantity], [IsActive]) VALUES (1644, N'DAILY_DISCOUNT_1491_20260406_88FF', NULL, 0.00, 5, N'06/04/2026 3:46:02 SA', N'06/05/2026 10:46:02 SA', 1, 1);
INSERT INTO [dbo].[Vouchers] ([Id], [Code], [Description], [DiscountAmount], [DiscountPercent], [CreatedAt], [ExpiredAt], [Quantity], [IsActive]) VALUES (1645, N'DAILY_FREESHIP_1491_20260406_F3B0', NULL, 10000.00, NULL, N'06/04/2026 3:46:02 SA', N'06/05/2026 10:46:02 SA', 1, 1);
INSERT INTO [dbo].[Vouchers] ([Id], [Code], [Description], [DiscountAmount], [DiscountPercent], [CreatedAt], [ExpiredAt], [Quantity], [IsActive]) VALUES (1646, N'DAILY_DISCOUNT_1492_20260407_A4C8', NULL, 0.00, 5, N'07/04/2026 12:21:29 SA', N'07/05/2026 7:21:29 SA', 1, 1);
INSERT INTO [dbo].[Vouchers] ([Id], [Code], [Description], [DiscountAmount], [DiscountPercent], [CreatedAt], [ExpiredAt], [Quantity], [IsActive]) VALUES (1647, N'DAILY_FREESHIP_1492_20260407_38B0', NULL, 10000.00, NULL, N'07/04/2026 12:21:29 SA', N'07/05/2026 7:21:29 SA', 1, 1);
INSERT INTO [dbo].[Vouchers] ([Id], [Code], [Description], [DiscountAmount], [DiscountPercent], [CreatedAt], [ExpiredAt], [Quantity], [IsActive]) VALUES (1648, N'DAILY_DISCOUNT_1476_20260407_F2FC', NULL, 0.00, 5, N'07/04/2026 12:55:36 SA', N'07/05/2026 7:55:36 SA', 1, 1);
INSERT INTO [dbo].[Vouchers] ([Id], [Code], [Description], [DiscountAmount], [DiscountPercent], [CreatedAt], [ExpiredAt], [Quantity], [IsActive]) VALUES (1649, N'DAILY_FREESHIP_1476_20260407_2A41', NULL, 10000.00, NULL, N'07/04/2026 12:55:36 SA', N'07/05/2026 7:55:36 SA', 1, 1);
INSERT INTO [dbo].[Vouchers] ([Id], [Code], [Description], [DiscountAmount], [DiscountPercent], [CreatedAt], [ExpiredAt], [Quantity], [IsActive]) VALUES (1650, N'DAILY_DISCOUNT_1476_20260408_856D', NULL, 0.00, 5, N'08/04/2026 3:46:07 SA', N'08/05/2026 10:46:07 SA', 1, 1);
INSERT INTO [dbo].[Vouchers] ([Id], [Code], [Description], [DiscountAmount], [DiscountPercent], [CreatedAt], [ExpiredAt], [Quantity], [IsActive]) VALUES (1651, N'DAILY_FREESHIP_1476_20260408_7CB7', NULL, 10000.00, NULL, N'08/04/2026 3:46:07 SA', N'08/05/2026 10:46:07 SA', 1, 1);
INSERT INTO [dbo].[Vouchers] ([Id], [Code], [Description], [DiscountAmount], [DiscountPercent], [CreatedAt], [ExpiredAt], [Quantity], [IsActive]) VALUES (1652, N'DAILY_DISCOUNT_1476_20260409_C86F', NULL, 0.00, 5, N'09/04/2026 1:43:03 SA', N'09/05/2026 8:43:03 SA', 1, 1);
INSERT INTO [dbo].[Vouchers] ([Id], [Code], [Description], [DiscountAmount], [DiscountPercent], [CreatedAt], [ExpiredAt], [Quantity], [IsActive]) VALUES (1653, N'DAILY_FREESHIP_1476_20260409_DF12', NULL, 10000.00, NULL, N'09/04/2026 1:43:03 SA', N'09/05/2026 8:43:03 SA', 1, 1);
INSERT INTO [dbo].[Vouchers] ([Id], [Code], [Description], [DiscountAmount], [DiscountPercent], [CreatedAt], [ExpiredAt], [Quantity], [IsActive]) VALUES (2652, N'DAILY_DISCOUNT_1476_20260512_145D', NULL, 0.00, 5, N'12/05/2026 4:12:26 SA', N'12/06/2026 11:12:26 SA', 1, 1);
INSERT INTO [dbo].[Vouchers] ([Id], [Code], [Description], [DiscountAmount], [DiscountPercent], [CreatedAt], [ExpiredAt], [Quantity], [IsActive]) VALUES (2653, N'DAILY_FREESHIP_1476_20260512_BBD1', NULL, 10000.00, NULL, N'12/05/2026 4:12:26 SA', N'12/06/2026 11:12:26 SA', 1, 1);
SET IDENTITY_INSERT [dbo].[Vouchers] OFF;

-- Table: dbo.Products
SET IDENTITY_INSERT [dbo].[Products] ON;
INSERT INTO [dbo].[Products] ([Id], [Name], [Description], [Price], [ImageUrl], [IsActive], [CategoryId]) VALUES (1760, N'Espresso', N'Cà phê espresso nguyên chất, đậm đà và thơm nồng từ hạt Arabica rang Ý', 35000.00, N'espresso.jpg', 1, 1212);
INSERT INTO [dbo].[Products] ([Id], [Name], [Description], [Price], [ImageUrl], [IsActive], [CategoryId]) VALUES (1761, N'Americano', N'Espresso pha loãng với nước nóng, thanh đắng dịu nhẹ phù hợp mọi buổi sáng', 39000.00, N'americano.jpg', 1, 1212);
INSERT INTO [dbo].[Products] ([Id], [Name], [Description], [Price], [ImageUrl], [IsActive], [CategoryId]) VALUES (1762, N'Cappuccino', N'1/3 espresso, 1/3 sữa hấp, 1/3 bọt sữa mịn – hương vị cổ điển nước Ý', 49000.00, N'cappuccino.jpg', 1, 1212);
INSERT INTO [dbo].[Products] ([Id], [Name], [Description], [Price], [ImageUrl], [IsActive], [CategoryId]) VALUES (1763, N'Latte', N'Espresso kết hợp sữa hấp béo ngậy và một lớp bọt sữa mỏng, nhẹ nhàng', 52000.00, N'latte.jpg', 1, 1212);
INSERT INTO [dbo].[Products] ([Id], [Name], [Description], [Price], [ImageUrl], [IsActive], [CategoryId]) VALUES (1764, N'Cold Brew', N'Cà phê ủ lạnh 24 giờ, vị ngọt tự nhiên, bóng mượt và không chua gắt', 55000.00, N'coldbrew.jpg', 1, 1212);
INSERT INTO [dbo].[Products] ([Id], [Name], [Description], [Price], [ImageUrl], [IsActive], [CategoryId]) VALUES (1765, N'Cà phê sữa đá', N'Cà phê phin truyền thống Việt Nam với sữa đặc ngọt thơm, đá lạnh tan chậm', 35000.00, N'ca-phe-sua-da.jpg', 1, 1212);
INSERT INTO [dbo].[Products] ([Id], [Name], [Description], [Price], [ImageUrl], [IsActive], [CategoryId]) VALUES (1766, N'Trà Ô Long Sữa', N'Trà ô long thượng hạng pha cùng sữa tươi, topping boba dai giòn hấp dẫn', 55000.00, N'tra-olong.jpg', 1, 1213);
INSERT INTO [dbo].[Products] ([Id], [Name], [Description], [Price], [ImageUrl], [IsActive], [CategoryId]) VALUES (1767, N'Trà Sữa Matcha', N'Matcha Uji Nhật Bản xay mịn, pha với sữa tươi nguyên chất – béo, thơm, đắng nhẹ', 59000.00, N'matcha.jpg', 1, 1213);
INSERT INTO [dbo].[Products] ([Id], [Name], [Description], [Price], [ImageUrl], [IsActive], [CategoryId]) VALUES (1768, N'Trà Chanh Tươi', N'Trà xanh ướp lạnh với chanh tươi vắt tay và đường mía, cực kỳ giải nhiệt', 35000.00, N'tra-chanh.jpg', 1, 1213);
INSERT INTO [dbo].[Products] ([Id], [Name], [Description], [Price], [ImageUrl], [IsActive], [CategoryId]) VALUES (1769, N'Hồng Trà Đào', N'Hồng trà ủ lạnh, slice đào tươi thơm và nước syrup đào ngọt dịu', 49000.00, N'hong-tra-dao.jpg', 1, 1213);
INSERT INTO [dbo].[Products] ([Id], [Name], [Description], [Price], [ImageUrl], [IsActive], [CategoryId]) VALUES (1770, N'Sinh Tố Dâu', N'Dâu tươi xay mịn với sữa chua Hy Lạp và mật ong – giàu vitamin C và antioxidant', 55000.00, N'smoothie-dau.jpg', 1, 1214);
INSERT INTO [dbo].[Products] ([Id], [Name], [Description], [Price], [ImageUrl], [IsActive], [CategoryId]) VALUES (1771, N'Đá Xay Cà Phê', N'Espresso đá xay kết hợp kem tươi đánh bông và topping chocolate drizzle đẳng cấp', 65000.00, N'frappe-coffee.jpg', 1, 1214);
INSERT INTO [dbo].[Products] ([Id], [Name], [Description], [Price], [ImageUrl], [IsActive], [CategoryId]) VALUES (1772, N'Đá Xay Matcha', N'Matcha Nhật Bản xay với đá và sữa, phủ kem tươi và topping matcha powder', 65000.00, N'frappe-matcha.jpg', 1, 1214);
INSERT INTO [dbo].[Products] ([Id], [Name], [Description], [Price], [ImageUrl], [IsActive], [CategoryId]) VALUES (1773, N'Sinh Tố Bơ', N'Bơ chín xay mịn cùng sữa tươi và condensed milk – bổ dưỡng và cực kỳ béo ngậy', 55000.00, N'smoothie-bo.jpg', 1, 1214);
INSERT INTO [dbo].[Products] ([Id], [Name], [Description], [Price], [ImageUrl], [IsActive], [CategoryId]) VALUES (1774, N'Sữa Tươi Trân Châu', N'Sữa tươi Vinamilk nguyên chất, trân châu đen nấu đường đen mềm dai đặc biệt', 45000.00, N'milk-boba.jpg', 1, 1215);
INSERT INTO [dbo].[Products] ([Id], [Name], [Description], [Price], [ImageUrl], [IsActive], [CategoryId]) VALUES (1775, N'Nước ép Cam Tươi', N'Cam Valencia vắt tay 100%, không đường không phẩm màu, giàu vitamin C', 45000.00, N'orange-juice.jpg', 1, 1215);
INSERT INTO [dbo].[Products] ([Id], [Name], [Description], [Price], [ImageUrl], [IsActive], [CategoryId]) VALUES (1776, N'Croissant Bơ', N'Croissant bơ Pháp nướng vàng giòn, lớp vỏ xốp bên ngoài, mềm thơm bên trong', 35000.00, N'croissant.jpg', 1, 1216);
INSERT INTO [dbo].[Products] ([Id], [Name], [Description], [Price], [ImageUrl], [IsActive], [CategoryId]) VALUES (1777, N'Bánh Muffin Việt Quất', N'Muffin việt quất tươi nướng theo đơn hàng, ẩm ướt và đầy ắp hạt việt quất', 39000.00, N'muffin.jpg', 1, 1216);
SET IDENTITY_INSERT [dbo].[Products] OFF;

-- Table: dbo.Notifications
SET IDENTITY_INSERT [dbo].[Notifications] ON;
INSERT INTO [dbo].[Notifications] ([Id], [UserId], [Type], [Title], [Message], [Url], [IsRead], [CreatedAt]) VALUES (2, NULL, N'Broadcast', N'Cuối tuần vui vẻ', N'Cuối tuần vui thì đến đây', NULL, 0, N'04/04/2026 1:42:53 SA');
INSERT INTO [dbo].[Notifications] ([Id], [UserId], [Type], [Title], [Message], [Url], [IsRead], [CreatedAt]) VALUES (3, NULL, N'Broadcast', N'Thời tiết nóng bức coffee ngay', N'Cà phê mát lạnh', N'/Guest/Home/Index', 0, N'04/04/2026 1:50:48 SA');
INSERT INTO [dbo].[Notifications] ([Id], [UserId], [Type], [Title], [Message], [Url], [IsRead], [CreatedAt]) VALUES (4, NULL, N'Broadcast', N'HappyDay', N'HappyDay đến đây ngay!!!', N'/Guest/Home/Index', 0, N'04/04/2026 1:59:01 SA');
SET IDENTITY_INSERT [dbo].[Notifications] OFF;

-- Table: dbo.Orders
SET IDENTITY_INSERT [dbo].[Orders] ON;
INSERT INTO [dbo].[Orders] ([Id], [UserId], [OrderCode], [TotalAmount], [Status], [Address], [CreatedAt]) VALUES (1425, 1477, N'CF-20260301-001', 110000.00, N'Completed', N'123 Nguyễn Huệ, Q.1, TP.HCM', N'12/03/2026 9:16:52 SA');
INSERT INTO [dbo].[Orders] ([Id], [UserId], [OrderCode], [TotalAmount], [Status], [Address], [CreatedAt]) VALUES (1426, 1477, N'CF-20260301-002', 329000.00, N'Completed', N'456 Lê Lợi, Q.3, TP.HCM', N'14/03/2026 9:16:52 SA');
INSERT INTO [dbo].[Orders] ([Id], [UserId], [OrderCode], [TotalAmount], [Status], [Address], [CreatedAt]) VALUES (1427, 1478, N'CF-20260305-003', 55000.00, N'Completed', N'789 Trần Hưng Đạo, Q.5, TP.HCM', N'16/03/2026 9:16:52 SA');
INSERT INTO [dbo].[Orders] ([Id], [UserId], [OrderCode], [TotalAmount], [Status], [Address], [CreatedAt]) VALUES (1428, 1478, N'CF-20260305-004', 149000.00, N'Completed', N'101 Võ Văn Tần, Q.10, TP.HCM', N'18/03/2026 9:16:52 SA');
INSERT INTO [dbo].[Orders] ([Id], [UserId], [OrderCode], [TotalAmount], [Status], [Address], [CreatedAt]) VALUES (1429, 1479, N'CF-20260310-005', 219000.00, N'Completed', N'55 Hai Bà Trưng, Q.1, TP.HCM', N'20/03/2026 9:16:52 SA');
INSERT INTO [dbo].[Orders] ([Id], [UserId], [OrderCode], [TotalAmount], [Status], [Address], [CreatedAt]) VALUES (1430, 1479, N'CF-20260310-006', 119000.00, N'Processing', N'22 Điện Biên Phủ, Bình Thạnh, TP.HCM', N'22/03/2026 9:16:52 SA');
INSERT INTO [dbo].[Orders] ([Id], [UserId], [OrderCode], [TotalAmount], [Status], [Address], [CreatedAt]) VALUES (1431, 1480, N'CF-20260315-007', 99000.00, N'Processing', N'888 Cách Mạng Tháng 8, Q.3, TP.HCM', N'23/03/2026 9:16:52 SA');
INSERT INTO [dbo].[Orders] ([Id], [UserId], [OrderCode], [TotalAmount], [Status], [Address], [CreatedAt]) VALUES (1432, 1480, N'CF-20260315-008', 289000.00, N'Pending', N'123 Phan Đăng Lưu, Phú Nhuận, TP.HCM', N'24/03/2026 9:16:52 SA');
INSERT INTO [dbo].[Orders] ([Id], [UserId], [OrderCode], [TotalAmount], [Status], [Address], [CreatedAt]) VALUES (1433, 1481, N'CF-20260318-009', 109000.00, N'Pending', N'456 Nguyễn Trãi, Q.5, TP.HCM', N'25/03/2026 9:16:52 SA');
INSERT INTO [dbo].[Orders] ([Id], [UserId], [OrderCode], [TotalAmount], [Status], [Address], [CreatedAt]) VALUES (1434, 1481, N'CF-20260318-010', 79000.00, N'Cancelled', N'789 Lý Tự Trọng, Q.1, TP.HCM', N'26/03/2026 9:16:52 SA');
INSERT INTO [dbo].[Orders] ([Id], [UserId], [OrderCode], [TotalAmount], [Status], [Address], [CreatedAt]) VALUES (1435, 1487, N'ORD202603260947209803', 107000.00, N'Hoàn Thành', N'Bán tại quầy: Khách lẻ', N'26/03/2026 9:47:20 SA');
INSERT INTO [dbo].[Orders] ([Id], [UserId], [OrderCode], [TotalAmount], [Status], [Address], [CreatedAt]) VALUES (1436, 1488, N'ORD202603260949048897', 35000.00, N'Pending', N'123', N'26/03/2026 9:49:04 SA');
INSERT INTO [dbo].[Orders] ([Id], [UserId], [OrderCode], [TotalAmount], [Status], [Address], [CreatedAt]) VALUES (1437, 1488, N'ORD202603260950557858', 74000.00, N'Pending', N'123', N'26/03/2026 9:50:55 SA');
INSERT INTO [dbo].[Orders] ([Id], [UserId], [OrderCode], [TotalAmount], [Status], [Address], [CreatedAt]) VALUES (1438, 1489, N'ORD202603260953361140', 107000.00, N'Hoàn Thành', N'Bán tại quầy: Khách lẻ', N'26/03/2026 9:53:36 SA');
INSERT INTO [dbo].[Orders] ([Id], [UserId], [OrderCode], [TotalAmount], [Status], [Address], [CreatedAt]) VALUES (1439, 1488, N'ORD202603261120373750', 39000.00, N'Hoàn Thành', N'123', N'26/03/2026 11:20:37 SA');
INSERT INTO [dbo].[Orders] ([Id], [UserId], [OrderCode], [TotalAmount], [Status], [Address], [CreatedAt]) VALUES (1440, 1492, N'ORD202603261123499543', 35000.00, N'Hoàn Thành', N'Bán tại quầy: Khách lẻ', N'26/03/2026 11:23:49 SA');
INSERT INTO [dbo].[Orders] ([Id], [UserId], [OrderCode], [TotalAmount], [Status], [Address], [CreatedAt]) VALUES (1441, 1494, N'ORD202603281019277664', 39000.00, N'Pending', N'123', N'28/03/2026 10:19:27 SA');
INSERT INTO [dbo].[Orders] ([Id], [UserId], [OrderCode], [TotalAmount], [Status], [Address], [CreatedAt]) VALUES (1442, 1496, N'ORD202604032219406215', 35000.00, N'Confirmed', N'123', N'03/04/2026 10:19:40 CH');
INSERT INTO [dbo].[Orders] ([Id], [UserId], [OrderCode], [TotalAmount], [Status], [Address], [CreatedAt]) VALUES (1443, 1492, N'ORD202604040731446209', 39000.00, N'Completed', N'Bán tại quầy: Khách lẻ', N'04/04/2026 7:31:44 SA');
INSERT INTO [dbo].[Orders] ([Id], [UserId], [OrderCode], [TotalAmount], [Status], [Address], [CreatedAt]) VALUES (1444, 1492, N'ORD202604040731501814', 39000.00, N'Completed', N'Bán tại quầy: Khách lẻ', N'04/04/2026 7:31:50 SA');
INSERT INTO [dbo].[Orders] ([Id], [UserId], [OrderCode], [TotalAmount], [Status], [Address], [CreatedAt]) VALUES (1445, 1492, N'ORD202604040731549879', 39000.00, N'Completed', N'Bán tại quầy: Khách lẻ', N'04/04/2026 7:31:54 SA');
INSERT INTO [dbo].[Orders] ([Id], [UserId], [OrderCode], [TotalAmount], [Status], [Address], [CreatedAt]) VALUES (1446, 1492, N'ORD202604040731583396', 39000.00, N'Completed', N'Bán tại quầy: Khách lẻ', N'04/04/2026 7:31:58 SA');
INSERT INTO [dbo].[Orders] ([Id], [UserId], [OrderCode], [TotalAmount], [Status], [Address], [CreatedAt]) VALUES (1447, 1492, N'ORD202604040732018671', 39000.00, N'Completed', N'Bán tại quầy: Khách lẻ', N'04/04/2026 7:32:01 SA');
INSERT INTO [dbo].[Orders] ([Id], [UserId], [OrderCode], [TotalAmount], [Status], [Address], [CreatedAt]) VALUES (1448, 1492, N'ORD202604040732063593', 39000.00, N'Completed', N'Bán tại quầy: Khách lẻ', N'04/04/2026 7:32:06 SA');
INSERT INTO [dbo].[Orders] ([Id], [UserId], [OrderCode], [TotalAmount], [Status], [Address], [CreatedAt]) VALUES (1449, 1492, N'ORD202604040732105437', 39000.00, N'Completed', N'Bán tại quầy: Khách lẻ', N'04/04/2026 7:32:10 SA');
INSERT INTO [dbo].[Orders] ([Id], [UserId], [OrderCode], [TotalAmount], [Status], [Address], [CreatedAt]) VALUES (1450, 1492, N'ORD202604040732166882', 312000.00, N'Completed', N'Bán tại quầy: Khách lẻ', N'04/04/2026 7:32:16 SA');
INSERT INTO [dbo].[Orders] ([Id], [UserId], [OrderCode], [TotalAmount], [Status], [Address], [CreatedAt]) VALUES (1451, 1491, N'ORD202604061046345528', 35000.00, N'Completed', N'123', N'06/04/2026 10:46:34 SA');
SET IDENTITY_INSERT [dbo].[Orders] OFF;

-- Table: dbo.UserVouchers
INSERT INTO [dbo].[UserVouchers] ([UserId], [VoucherId], [IsUsed], [AssignedAt], [UsedAt]) VALUES (1476, 1574, 0, N'26/03/2026 9:17:03 SA', NULL);
INSERT INTO [dbo].[UserVouchers] ([UserId], [VoucherId], [IsUsed], [AssignedAt], [UsedAt]) VALUES (1476, 1575, 0, N'26/03/2026 9:17:03 SA', NULL);
INSERT INTO [dbo].[UserVouchers] ([UserId], [VoucherId], [IsUsed], [AssignedAt], [UsedAt]) VALUES (1476, 1608, 0, N'28/03/2026 10:15:15 SA', NULL);
INSERT INTO [dbo].[UserVouchers] ([UserId], [VoucherId], [IsUsed], [AssignedAt], [UsedAt]) VALUES (1476, 1609, 0, N'28/03/2026 10:15:15 SA', NULL);
INSERT INTO [dbo].[UserVouchers] ([UserId], [VoucherId], [IsUsed], [AssignedAt], [UsedAt]) VALUES (1476, 1618, 0, N'02/04/2026 9:40:03 SA', NULL);
INSERT INTO [dbo].[UserVouchers] ([UserId], [VoucherId], [IsUsed], [AssignedAt], [UsedAt]) VALUES (1476, 1619, 0, N'02/04/2026 9:40:03 SA', NULL);
INSERT INTO [dbo].[UserVouchers] ([UserId], [VoucherId], [IsUsed], [AssignedAt], [UsedAt]) VALUES (1476, 1628, 0, N'03/04/2026 10:20:51 CH', NULL);
INSERT INTO [dbo].[UserVouchers] ([UserId], [VoucherId], [IsUsed], [AssignedAt], [UsedAt]) VALUES (1476, 1629, 0, N'03/04/2026 10:20:51 CH', NULL);
INSERT INTO [dbo].[UserVouchers] ([UserId], [VoucherId], [IsUsed], [AssignedAt], [UsedAt]) VALUES (1476, 1638, 0, N'04/04/2026 7:29:39 SA', NULL);
INSERT INTO [dbo].[UserVouchers] ([UserId], [VoucherId], [IsUsed], [AssignedAt], [UsedAt]) VALUES (1476, 1639, 0, N'04/04/2026 7:29:39 SA', NULL);
INSERT INTO [dbo].[UserVouchers] ([UserId], [VoucherId], [IsUsed], [AssignedAt], [UsedAt]) VALUES (1476, 1642, 0, N'06/04/2026 10:38:23 SA', NULL);
INSERT INTO [dbo].[UserVouchers] ([UserId], [VoucherId], [IsUsed], [AssignedAt], [UsedAt]) VALUES (1476, 1643, 0, N'06/04/2026 10:38:23 SA', NULL);
INSERT INTO [dbo].[UserVouchers] ([UserId], [VoucherId], [IsUsed], [AssignedAt], [UsedAt]) VALUES (1476, 1648, 0, N'07/04/2026 7:55:36 SA', NULL);
INSERT INTO [dbo].[UserVouchers] ([UserId], [VoucherId], [IsUsed], [AssignedAt], [UsedAt]) VALUES (1476, 1649, 0, N'07/04/2026 7:55:36 SA', NULL);
INSERT INTO [dbo].[UserVouchers] ([UserId], [VoucherId], [IsUsed], [AssignedAt], [UsedAt]) VALUES (1476, 1650, 0, N'08/04/2026 10:46:07 SA', NULL);
INSERT INTO [dbo].[UserVouchers] ([UserId], [VoucherId], [IsUsed], [AssignedAt], [UsedAt]) VALUES (1476, 1651, 0, N'08/04/2026 10:46:07 SA', NULL);
INSERT INTO [dbo].[UserVouchers] ([UserId], [VoucherId], [IsUsed], [AssignedAt], [UsedAt]) VALUES (1476, 1652, 0, N'09/04/2026 8:43:03 SA', NULL);
INSERT INTO [dbo].[UserVouchers] ([UserId], [VoucherId], [IsUsed], [AssignedAt], [UsedAt]) VALUES (1476, 1653, 0, N'09/04/2026 8:43:03 SA', NULL);
INSERT INTO [dbo].[UserVouchers] ([UserId], [VoucherId], [IsUsed], [AssignedAt], [UsedAt]) VALUES (1476, 2652, 0, N'12/05/2026 11:12:26 SA', NULL);
INSERT INTO [dbo].[UserVouchers] ([UserId], [VoucherId], [IsUsed], [AssignedAt], [UsedAt]) VALUES (1476, 2653, 0, N'12/05/2026 11:12:26 SA', NULL);
INSERT INTO [dbo].[UserVouchers] ([UserId], [VoucherId], [IsUsed], [AssignedAt], [UsedAt]) VALUES (1487, 1576, 0, N'26/03/2026 9:47:01 SA', NULL);
INSERT INTO [dbo].[UserVouchers] ([UserId], [VoucherId], [IsUsed], [AssignedAt], [UsedAt]) VALUES (1487, 1577, 0, N'26/03/2026 9:47:01 SA', NULL);
INSERT INTO [dbo].[UserVouchers] ([UserId], [VoucherId], [IsUsed], [AssignedAt], [UsedAt]) VALUES (1488, 1578, 0, N'26/03/2026 9:48:46 SA', NULL);
INSERT INTO [dbo].[UserVouchers] ([UserId], [VoucherId], [IsUsed], [AssignedAt], [UsedAt]) VALUES (1488, 1579, 0, N'26/03/2026 9:48:46 SA', NULL);
INSERT INTO [dbo].[UserVouchers] ([UserId], [VoucherId], [IsUsed], [AssignedAt], [UsedAt]) VALUES (1488, 1580, 0, N'26/03/2026 9:48:46 SA', NULL);
INSERT INTO [dbo].[UserVouchers] ([UserId], [VoucherId], [IsUsed], [AssignedAt], [UsedAt]) VALUES (1488, 1581, 0, N'26/03/2026 9:48:46 SA', NULL);
INSERT INTO [dbo].[UserVouchers] ([UserId], [VoucherId], [IsUsed], [AssignedAt], [UsedAt]) VALUES (1488, 1582, 0, N'26/03/2026 9:48:46 SA', NULL);
INSERT INTO [dbo].[UserVouchers] ([UserId], [VoucherId], [IsUsed], [AssignedAt], [UsedAt]) VALUES (1488, 1583, 0, N'26/03/2026 9:48:46 SA', NULL);
INSERT INTO [dbo].[UserVouchers] ([UserId], [VoucherId], [IsUsed], [AssignedAt], [UsedAt]) VALUES (1488, 1584, 0, N'26/03/2026 9:48:46 SA', NULL);
INSERT INTO [dbo].[UserVouchers] ([UserId], [VoucherId], [IsUsed], [AssignedAt], [UsedAt]) VALUES (1488, 1585, 0, N'26/03/2026 9:48:46 SA', NULL);
INSERT INTO [dbo].[UserVouchers] ([UserId], [VoucherId], [IsUsed], [AssignedAt], [UsedAt]) VALUES (1489, 1586, 0, N'26/03/2026 9:52:38 SA', NULL);
INSERT INTO [dbo].[UserVouchers] ([UserId], [VoucherId], [IsUsed], [AssignedAt], [UsedAt]) VALUES (1489, 1587, 0, N'26/03/2026 9:52:38 SA', NULL);
INSERT INTO [dbo].[UserVouchers] ([UserId], [VoucherId], [IsUsed], [AssignedAt], [UsedAt]) VALUES (1490, 1588, 0, N'26/03/2026 10:35:45 SA', NULL);
INSERT INTO [dbo].[UserVouchers] ([UserId], [VoucherId], [IsUsed], [AssignedAt], [UsedAt]) VALUES (1490, 1589, 0, N'26/03/2026 10:35:45 SA', NULL);
INSERT INTO [dbo].[UserVouchers] ([UserId], [VoucherId], [IsUsed], [AssignedAt], [UsedAt]) VALUES (1491, 1590, 0, N'26/03/2026 10:38:31 SA', NULL);
INSERT INTO [dbo].[UserVouchers] ([UserId], [VoucherId], [IsUsed], [AssignedAt], [UsedAt]) VALUES (1491, 1591, 0, N'26/03/2026 10:38:31 SA', NULL);
INSERT INTO [dbo].[UserVouchers] ([UserId], [VoucherId], [IsUsed], [AssignedAt], [UsedAt]) VALUES (1491, 1592, 0, N'26/03/2026 10:38:31 SA', NULL);
INSERT INTO [dbo].[UserVouchers] ([UserId], [VoucherId], [IsUsed], [AssignedAt], [UsedAt]) VALUES (1491, 1593, 0, N'26/03/2026 10:38:31 SA', NULL);
INSERT INTO [dbo].[UserVouchers] ([UserId], [VoucherId], [IsUsed], [AssignedAt], [UsedAt]) VALUES (1491, 1594, 0, N'26/03/2026 10:38:31 SA', NULL);
INSERT INTO [dbo].[UserVouchers] ([UserId], [VoucherId], [IsUsed], [AssignedAt], [UsedAt]) VALUES (1491, 1595, 0, N'26/03/2026 10:38:31 SA', NULL);
INSERT INTO [dbo].[UserVouchers] ([UserId], [VoucherId], [IsUsed], [AssignedAt], [UsedAt]) VALUES (1491, 1596, 0, N'26/03/2026 10:38:31 SA', NULL);
INSERT INTO [dbo].[UserVouchers] ([UserId], [VoucherId], [IsUsed], [AssignedAt], [UsedAt]) VALUES (1491, 1597, 0, N'26/03/2026 10:38:31 SA', NULL);
INSERT INTO [dbo].[UserVouchers] ([UserId], [VoucherId], [IsUsed], [AssignedAt], [UsedAt]) VALUES (1491, 1632, 0, N'03/04/2026 10:50:15 CH', NULL);
INSERT INTO [dbo].[UserVouchers] ([UserId], [VoucherId], [IsUsed], [AssignedAt], [UsedAt]) VALUES (1491, 1633, 0, N'03/04/2026 10:50:15 CH', NULL);
INSERT INTO [dbo].[UserVouchers] ([UserId], [VoucherId], [IsUsed], [AssignedAt], [UsedAt]) VALUES (1491, 1636, 0, N'04/04/2026 7:28:54 SA', NULL);
INSERT INTO [dbo].[UserVouchers] ([UserId], [VoucherId], [IsUsed], [AssignedAt], [UsedAt]) VALUES (1491, 1637, 0, N'04/04/2026 7:28:54 SA', NULL);
INSERT INTO [dbo].[UserVouchers] ([UserId], [VoucherId], [IsUsed], [AssignedAt], [UsedAt]) VALUES (1491, 1644, 0, N'06/04/2026 10:46:02 SA', NULL);
INSERT INTO [dbo].[UserVouchers] ([UserId], [VoucherId], [IsUsed], [AssignedAt], [UsedAt]) VALUES (1491, 1645, 0, N'06/04/2026 10:46:02 SA', NULL);
INSERT INTO [dbo].[UserVouchers] ([UserId], [VoucherId], [IsUsed], [AssignedAt], [UsedAt]) VALUES (1492, 1598, 0, N'26/03/2026 10:58:27 SA', NULL);
INSERT INTO [dbo].[UserVouchers] ([UserId], [VoucherId], [IsUsed], [AssignedAt], [UsedAt]) VALUES (1492, 1599, 0, N'26/03/2026 10:58:27 SA', NULL);
INSERT INTO [dbo].[UserVouchers] ([UserId], [VoucherId], [IsUsed], [AssignedAt], [UsedAt]) VALUES (1492, 1630, 0, N'03/04/2026 10:49:06 CH', NULL);
INSERT INTO [dbo].[UserVouchers] ([UserId], [VoucherId], [IsUsed], [AssignedAt], [UsedAt]) VALUES (1492, 1631, 0, N'03/04/2026 10:49:06 CH', NULL);
INSERT INTO [dbo].[UserVouchers] ([UserId], [VoucherId], [IsUsed], [AssignedAt], [UsedAt]) VALUES (1492, 1634, 0, N'04/04/2026 7:28:29 SA', NULL);
INSERT INTO [dbo].[UserVouchers] ([UserId], [VoucherId], [IsUsed], [AssignedAt], [UsedAt]) VALUES (1492, 1635, 0, N'04/04/2026 7:28:29 SA', NULL);
INSERT INTO [dbo].[UserVouchers] ([UserId], [VoucherId], [IsUsed], [AssignedAt], [UsedAt]) VALUES (1492, 1646, 0, N'07/04/2026 7:21:29 SA', NULL);
INSERT INTO [dbo].[UserVouchers] ([UserId], [VoucherId], [IsUsed], [AssignedAt], [UsedAt]) VALUES (1492, 1647, 0, N'07/04/2026 7:21:29 SA', NULL);
INSERT INTO [dbo].[UserVouchers] ([UserId], [VoucherId], [IsUsed], [AssignedAt], [UsedAt]) VALUES (1493, 1600, 0, N'26/03/2026 11:13:12 SA', NULL);
INSERT INTO [dbo].[UserVouchers] ([UserId], [VoucherId], [IsUsed], [AssignedAt], [UsedAt]) VALUES (1493, 1601, 0, N'26/03/2026 11:13:12 SA', NULL);
INSERT INTO [dbo].[UserVouchers] ([UserId], [VoucherId], [IsUsed], [AssignedAt], [UsedAt]) VALUES (1493, 1602, 0, N'26/03/2026 11:13:12 SA', NULL);
INSERT INTO [dbo].[UserVouchers] ([UserId], [VoucherId], [IsUsed], [AssignedAt], [UsedAt]) VALUES (1493, 1603, 0, N'26/03/2026 11:13:12 SA', NULL);
INSERT INTO [dbo].[UserVouchers] ([UserId], [VoucherId], [IsUsed], [AssignedAt], [UsedAt]) VALUES (1493, 1604, 0, N'26/03/2026 11:13:12 SA', NULL);
INSERT INTO [dbo].[UserVouchers] ([UserId], [VoucherId], [IsUsed], [AssignedAt], [UsedAt]) VALUES (1493, 1605, 0, N'26/03/2026 11:13:12 SA', NULL);
INSERT INTO [dbo].[UserVouchers] ([UserId], [VoucherId], [IsUsed], [AssignedAt], [UsedAt]) VALUES (1493, 1606, 0, N'26/03/2026 11:13:12 SA', NULL);
INSERT INTO [dbo].[UserVouchers] ([UserId], [VoucherId], [IsUsed], [AssignedAt], [UsedAt]) VALUES (1493, 1607, 0, N'26/03/2026 11:13:12 SA', NULL);
INSERT INTO [dbo].[UserVouchers] ([UserId], [VoucherId], [IsUsed], [AssignedAt], [UsedAt]) VALUES (1494, 1610, 0, N'28/03/2026 10:16:47 SA', NULL);
INSERT INTO [dbo].[UserVouchers] ([UserId], [VoucherId], [IsUsed], [AssignedAt], [UsedAt]) VALUES (1494, 1611, 0, N'28/03/2026 10:16:47 SA', NULL);
INSERT INTO [dbo].[UserVouchers] ([UserId], [VoucherId], [IsUsed], [AssignedAt], [UsedAt]) VALUES (1494, 1612, 0, N'28/03/2026 10:16:47 SA', NULL);
INSERT INTO [dbo].[UserVouchers] ([UserId], [VoucherId], [IsUsed], [AssignedAt], [UsedAt]) VALUES (1494, 1613, 0, N'28/03/2026 10:16:47 SA', NULL);
INSERT INTO [dbo].[UserVouchers] ([UserId], [VoucherId], [IsUsed], [AssignedAt], [UsedAt]) VALUES (1494, 1614, 0, N'28/03/2026 10:16:47 SA', NULL);
INSERT INTO [dbo].[UserVouchers] ([UserId], [VoucherId], [IsUsed], [AssignedAt], [UsedAt]) VALUES (1494, 1615, 0, N'28/03/2026 10:16:47 SA', NULL);
INSERT INTO [dbo].[UserVouchers] ([UserId], [VoucherId], [IsUsed], [AssignedAt], [UsedAt]) VALUES (1494, 1616, 0, N'28/03/2026 10:16:47 SA', NULL);
INSERT INTO [dbo].[UserVouchers] ([UserId], [VoucherId], [IsUsed], [AssignedAt], [UsedAt]) VALUES (1494, 1617, 0, N'28/03/2026 10:16:47 SA', NULL);
INSERT INTO [dbo].[UserVouchers] ([UserId], [VoucherId], [IsUsed], [AssignedAt], [UsedAt]) VALUES (1495, 1640, 0, N'04/04/2026 8:51:20 SA', NULL);
INSERT INTO [dbo].[UserVouchers] ([UserId], [VoucherId], [IsUsed], [AssignedAt], [UsedAt]) VALUES (1495, 1641, 0, N'04/04/2026 8:51:20 SA', NULL);
INSERT INTO [dbo].[UserVouchers] ([UserId], [VoucherId], [IsUsed], [AssignedAt], [UsedAt]) VALUES (1496, 1620, 0, N'03/04/2026 10:19:09 CH', NULL);
INSERT INTO [dbo].[UserVouchers] ([UserId], [VoucherId], [IsUsed], [AssignedAt], [UsedAt]) VALUES (1496, 1621, 0, N'03/04/2026 10:19:09 CH', NULL);
INSERT INTO [dbo].[UserVouchers] ([UserId], [VoucherId], [IsUsed], [AssignedAt], [UsedAt]) VALUES (1496, 1622, 0, N'03/04/2026 10:19:09 CH', NULL);
INSERT INTO [dbo].[UserVouchers] ([UserId], [VoucherId], [IsUsed], [AssignedAt], [UsedAt]) VALUES (1496, 1623, 0, N'03/04/2026 10:19:09 CH', NULL);
INSERT INTO [dbo].[UserVouchers] ([UserId], [VoucherId], [IsUsed], [AssignedAt], [UsedAt]) VALUES (1496, 1624, 0, N'03/04/2026 10:19:09 CH', NULL);
INSERT INTO [dbo].[UserVouchers] ([UserId], [VoucherId], [IsUsed], [AssignedAt], [UsedAt]) VALUES (1496, 1625, 0, N'03/04/2026 10:19:09 CH', NULL);
INSERT INTO [dbo].[UserVouchers] ([UserId], [VoucherId], [IsUsed], [AssignedAt], [UsedAt]) VALUES (1496, 1626, 0, N'03/04/2026 10:19:09 CH', NULL);
INSERT INTO [dbo].[UserVouchers] ([UserId], [VoucherId], [IsUsed], [AssignedAt], [UsedAt]) VALUES (1496, 1627, 0, N'03/04/2026 10:19:09 CH', NULL);

-- Table: dbo.ComboItems
INSERT INTO [dbo].[ComboItems] ([ComboId], [ProductId], [Quantity]) VALUES (1422, 1765, 1);
INSERT INTO [dbo].[ComboItems] ([ComboId], [ProductId], [Quantity]) VALUES (1422, 1776, 1);
INSERT INTO [dbo].[ComboItems] ([ComboId], [ProductId], [Quantity]) VALUES (1423, 1763, 1);
INSERT INTO [dbo].[ComboItems] ([ComboId], [ProductId], [Quantity]) VALUES (1423, 1764, 1);
INSERT INTO [dbo].[ComboItems] ([ComboId], [ProductId], [Quantity]) VALUES (1423, 1777, 2);
INSERT INTO [dbo].[ComboItems] ([ComboId], [ProductId], [Quantity]) VALUES (1424, 1766, 2);
INSERT INTO [dbo].[ComboItems] ([ComboId], [ProductId], [Quantity]) VALUES (1424, 1771, 2);
INSERT INTO [dbo].[ComboItems] ([ComboId], [ProductId], [Quantity]) VALUES (1424, 1776, 2);
INSERT INTO [dbo].[ComboItems] ([ComboId], [ProductId], [Quantity]) VALUES (1425, 1767, 1);
INSERT INTO [dbo].[ComboItems] ([ComboId], [ProductId], [Quantity]) VALUES (1425, 1772, 1);
INSERT INTO [dbo].[ComboItems] ([ComboId], [ProductId], [Quantity]) VALUES (1426, 1765, 4);
INSERT INTO [dbo].[ComboItems] ([ComboId], [ProductId], [Quantity]) VALUES (1426, 1770, 2);
INSERT INTO [dbo].[ComboItems] ([ComboId], [ProductId], [Quantity]) VALUES (1426, 1777, 4);
INSERT INTO [dbo].[ComboItems] ([ComboId], [ProductId], [Quantity]) VALUES (1427, 1768, 1);
INSERT INTO [dbo].[ComboItems] ([ComboId], [ProductId], [Quantity]) VALUES (1427, 1769, 1);
INSERT INTO [dbo].[ComboItems] ([ComboId], [ProductId], [Quantity]) VALUES (1427, 1776, 2);
INSERT INTO [dbo].[ComboItems] ([ComboId], [ProductId], [Quantity]) VALUES (1428, 1773, 1);
INSERT INTO [dbo].[ComboItems] ([ComboId], [ProductId], [Quantity]) VALUES (1428, 1775, 1);
INSERT INTO [dbo].[ComboItems] ([ComboId], [ProductId], [Quantity]) VALUES (1429, 1760, 1);
INSERT INTO [dbo].[ComboItems] ([ComboId], [ProductId], [Quantity]) VALUES (1429, 1761, 1);
INSERT INTO [dbo].[ComboItems] ([ComboId], [ProductId], [Quantity]) VALUES (1429, 1776, 2);
INSERT INTO [dbo].[ComboItems] ([ComboId], [ProductId], [Quantity]) VALUES (1430, 1762, 1);
INSERT INTO [dbo].[ComboItems] ([ComboId], [ProductId], [Quantity]) VALUES (1430, 1771, 1);
INSERT INTO [dbo].[ComboItems] ([ComboId], [ProductId], [Quantity]) VALUES (1430, 1777, 1);
INSERT INTO [dbo].[ComboItems] ([ComboId], [ProductId], [Quantity]) VALUES (1431, 1763, 2);
INSERT INTO [dbo].[ComboItems] ([ComboId], [ProductId], [Quantity]) VALUES (1431, 1767, 2);
INSERT INTO [dbo].[ComboItems] ([ComboId], [ProductId], [Quantity]) VALUES (1431, 1777, 4);

-- Table: dbo.Comments
SET IDENTITY_INSERT [dbo].[Comments] ON;
INSERT INTO [dbo].[Comments] ([Id], [UserId], [ProductId], [Content], [Rating], [IsHidden], [ParentId], [CreatedAt], [ComboId]) VALUES (1, 1491, 1766, N'Ngon!!!', 5, 0, NULL, N'04/04/2026 7:29:11 SA', NULL);
INSERT INTO [dbo].[Comments] ([Id], [UserId], [ProductId], [Content], [Rating], [IsHidden], [ParentId], [CreatedAt], [ComboId]) VALUES (2, 1491, 1766, N'ngon thật', 5, 0, 1, N'04/04/2026 7:29:19 SA', NULL);
SET IDENTITY_INSERT [dbo].[Comments] OFF;

-- Table: dbo.OrderItems
SET IDENTITY_INSERT [dbo].[OrderItems] ON;
INSERT INTO [dbo].[OrderItems] ([Id], [OrderId], [ProductId], [ComboId], [Quantity], [UnitPrice]) VALUES (1466, 1425, 1765, NULL, 2, 35000.00);
INSERT INTO [dbo].[OrderItems] ([Id], [OrderId], [ProductId], [ComboId], [Quantity], [UnitPrice]) VALUES (1467, 1425, 1776, NULL, 1, 35000.00);
INSERT INTO [dbo].[OrderItems] ([Id], [OrderId], [ProductId], [ComboId], [Quantity], [UnitPrice]) VALUES (1468, 1426, NULL, 1426, 1, 329000.00);
INSERT INTO [dbo].[OrderItems] ([Id], [OrderId], [ProductId], [ComboId], [Quantity], [UnitPrice]) VALUES (1469, 1427, NULL, 1422, 1, 55000.00);
INSERT INTO [dbo].[OrderItems] ([Id], [OrderId], [ProductId], [ComboId], [Quantity], [UnitPrice]) VALUES (1470, 1428, NULL, 1423, 1, 149000.00);
INSERT INTO [dbo].[OrderItems] ([Id], [OrderId], [ProductId], [ComboId], [Quantity], [UnitPrice]) VALUES (1471, 1429, NULL, 1424, 1, 219000.00);
INSERT INTO [dbo].[OrderItems] ([Id], [OrderId], [ProductId], [ComboId], [Quantity], [UnitPrice]) VALUES (1472, 1430, NULL, 1427, 1, 119000.00);
INSERT INTO [dbo].[OrderItems] ([Id], [OrderId], [ProductId], [ComboId], [Quantity], [UnitPrice]) VALUES (1473, 1431, NULL, 1425, 1, 99000.00);
INSERT INTO [dbo].[OrderItems] ([Id], [OrderId], [ProductId], [ComboId], [Quantity], [UnitPrice]) VALUES (1474, 1432, NULL, 1431, 1, 289000.00);
INSERT INTO [dbo].[OrderItems] ([Id], [OrderId], [ProductId], [ComboId], [Quantity], [UnitPrice]) VALUES (1475, 1433, NULL, 1429, 1, 109000.00);
INSERT INTO [dbo].[OrderItems] ([Id], [OrderId], [ProductId], [ComboId], [Quantity], [UnitPrice]) VALUES (1476, 1434, NULL, 1428, 1, 79000.00);
INSERT INTO [dbo].[OrderItems] ([Id], [OrderId], [ProductId], [ComboId], [Quantity], [UnitPrice]) VALUES (1477, 1435, 1763, NULL, 1, 52000.00);
INSERT INTO [dbo].[OrderItems] ([Id], [OrderId], [ProductId], [ComboId], [Quantity], [UnitPrice]) VALUES (1478, 1435, 1764, NULL, 1, 55000.00);
INSERT INTO [dbo].[OrderItems] ([Id], [OrderId], [ProductId], [ComboId], [Quantity], [UnitPrice]) VALUES (1479, 1436, 1760, NULL, 1, 35000.00);
INSERT INTO [dbo].[OrderItems] ([Id], [OrderId], [ProductId], [ComboId], [Quantity], [UnitPrice]) VALUES (1480, 1437, 1760, NULL, 1, 35000.00);
INSERT INTO [dbo].[OrderItems] ([Id], [OrderId], [ProductId], [ComboId], [Quantity], [UnitPrice]) VALUES (1481, 1437, 1761, NULL, 1, 39000.00);
INSERT INTO [dbo].[OrderItems] ([Id], [OrderId], [ProductId], [ComboId], [Quantity], [UnitPrice]) VALUES (1482, 1438, 1763, NULL, 1, 52000.00);
INSERT INTO [dbo].[OrderItems] ([Id], [OrderId], [ProductId], [ComboId], [Quantity], [UnitPrice]) VALUES (1483, 1438, 1764, NULL, 1, 55000.00);
INSERT INTO [dbo].[OrderItems] ([Id], [OrderId], [ProductId], [ComboId], [Quantity], [UnitPrice]) VALUES (1484, 1439, 1761, NULL, 1, 39000.00);
INSERT INTO [dbo].[OrderItems] ([Id], [OrderId], [ProductId], [ComboId], [Quantity], [UnitPrice]) VALUES (1485, 1440, 1765, NULL, 1, 35000.00);
INSERT INTO [dbo].[OrderItems] ([Id], [OrderId], [ProductId], [ComboId], [Quantity], [UnitPrice]) VALUES (1486, 1441, 1761, NULL, 1, 39000.00);
INSERT INTO [dbo].[OrderItems] ([Id], [OrderId], [ProductId], [ComboId], [Quantity], [UnitPrice]) VALUES (1487, 1442, 1760, NULL, 1, 35000.00);
INSERT INTO [dbo].[OrderItems] ([Id], [OrderId], [ProductId], [ComboId], [Quantity], [UnitPrice]) VALUES (1488, 1443, 1777, NULL, 1, 39000.00);
INSERT INTO [dbo].[OrderItems] ([Id], [OrderId], [ProductId], [ComboId], [Quantity], [UnitPrice]) VALUES (1489, 1444, 1777, NULL, 1, 39000.00);
INSERT INTO [dbo].[OrderItems] ([Id], [OrderId], [ProductId], [ComboId], [Quantity], [UnitPrice]) VALUES (1490, 1445, 1777, NULL, 1, 39000.00);
INSERT INTO [dbo].[OrderItems] ([Id], [OrderId], [ProductId], [ComboId], [Quantity], [UnitPrice]) VALUES (1491, 1446, 1777, NULL, 1, 39000.00);
INSERT INTO [dbo].[OrderItems] ([Id], [OrderId], [ProductId], [ComboId], [Quantity], [UnitPrice]) VALUES (1492, 1447, 1777, NULL, 1, 39000.00);
INSERT INTO [dbo].[OrderItems] ([Id], [OrderId], [ProductId], [ComboId], [Quantity], [UnitPrice]) VALUES (1493, 1448, 1777, NULL, 1, 39000.00);
INSERT INTO [dbo].[OrderItems] ([Id], [OrderId], [ProductId], [ComboId], [Quantity], [UnitPrice]) VALUES (1494, 1449, 1777, NULL, 1, 39000.00);
INSERT INTO [dbo].[OrderItems] ([Id], [OrderId], [ProductId], [ComboId], [Quantity], [UnitPrice]) VALUES (1495, 1450, 1777, NULL, 8, 39000.00);
INSERT INTO [dbo].[OrderItems] ([Id], [OrderId], [ProductId], [ComboId], [Quantity], [UnitPrice]) VALUES (1496, 1451, 1760, NULL, 1, 35000.00);
SET IDENTITY_INSERT [dbo].[OrderItems] OFF;
